id,user_id,order_no,item_code,amount,pay_status,created_at
1,2,ORD00002z0env9,priority_match,49.0,paid,2025-07-21 11:18:51
2,8,ORD000089sdn7w,priority_match,49.0,refunded,2025-06-30 11:18:51
3,10,ORD000105c5ok9,exposure_boost,19.9,refunded,2025-06-15 11:18:51
4,13,ORD00013bx1h3h,matchmaker_1v1,199.0,unpaid,2025-06-21 11:18:51
5,17,ORD000173ayie2,exposure_boost,19.9,unpaid,2025-08-19 11:18:51
6,27,ORD00027g2fnus,exposure_boost,19.9,refunded,2025-07-22 11:18:51
7,33,ORD000331866n6,exposure_boost,19.9,paid,2025-06-27 11:18:51
8,36,ORD0003682wf80,priority_match,49.0,paid,2025-08-12 11:18:51
9,38,ORD00038w2n2im,matchmaker_1v1,199.0,paid,2025-08-26 11:18:51
10,40,ORD00040us4vwv,exposure_boost,19.9,unpaid,2025-06-21 11:18:51
11,42,ORD00042kwte09,matchmaker_1v1,199.0,refunded,2025-08-29 11:18:51
12,43,ORD000435o8msx,exposure_boost,19.9,paid,2025-06-25 11:18:51
13,45,ORD00045667akh,priority_match,49.0,paid,2025-07-26 11:18:51
14,47,ORD00047ur0gd9,priority_match,49.0,paid,2025-07-08 11:18:51
15,48,ORD00048yq61my,exposure_boost,19.9,refunding,2025-07-05 11:18:51
16,49,ORD00049u77qqk,matchmaker_1v1,199.0,paid,2025-07-15 11:18:51
17,55,ORD00055dxmc6s,exposure_boost,19.9,refunding,2025-08-07 11:18:51
18,61,ORD00061lf4z2n,priority_match,49.0,refunding,2025-06-29 11:18:51
19,63,ORD00063yh8jyu,priority_match,49.0,paid,2025-07-17 11:18:51
20,64,ORD00064nhq80u,matchmaker_1v1,199.0,unpaid,2025-07-27 11:18:51
21,78,ORD00078u9y625,exposure_boost,19.9,unpaid,2025-08-16 11:18:51
22,79,ORD00079tsfbit,priority_match,49.0,refunding,2025-08-12 11:18:51
23,81,ORD00081ntnjyz,priority_match,49.0,refunding,2025-06-16 11:18:51
24,83,ORD00083l7mk2f,exposure_boost,19.9,refunded,2025-08-31 11:18:51
25,84,ORD00084sz6afc,priority_match,49.0,unpaid,2025-09-01 11:18:51
26,85,ORD00085vo38x1,priority_match,49.0,paid,2025-07-27 11:18:51
27,91,ORD00091xtv0rc,exposure_boost,19.9,unpaid,2025-06-21 11:18:51
28,92,ORD00092ccsnae,priority_match,49.0,refunding,2025-08-01 11:18:51
29,94,ORD00094jysyy0,exposure_boost,19.9,refunded,2025-07-18 11:18:51
30,97,ORD00097cadghb,matchmaker_1v1,199.0,refunded,2025-07-31 11:18:51
31,98,ORD00098qhdcwg,matchmaker_1v1,199.0,paid,2025-09-02 11:18:51
32,104,ORD00104jomxgy,matchmaker_1v1,199.0,refunded,2025-07-11 11:18:51
33,107,ORD001071xc2hk,priority_match,49.0,paid,2025-07-31 11:18:51
34,110,ORD00110qt069n,priority_match,49.0,refunded,2025-06-20 11:18:51
35,113,ORD00113rxtizv,priority_match,49.0,unpaid,2025-07-16 11:18:51
36,115,ORD00115h6tiu7,matchmaker_1v1,199.0,refunding,2025-06-15 11:18:51
37,117,ORD00117z6z6jh,matchmaker_1v1,199.0,paid,2025-08-07 11:18:51
38,119,ORD001199bxi5t,priority_match,49.0,refunded,2025-07-13 11:18:51
39,120,ORD00120e5scku,matchmaker_1v1,199.0,refunding,2025-08-26 11:18:51
40,121,ORD001218p4aa3,matchmaker_1v1,199.0,unpaid,2025-07-09 11:18:51
41,122,ORD001225s8dqv,priority_match,49.0,paid,2025-08-31 11:18:51
42,124,ORD001244r0r3b,priority_match,49.0,refunded,2025-08-03 11:18:51
43,125,ORD00125fz9gi2,matchmaker_1v1,199.0,paid,2025-06-29 11:18:51
44,127,ORD001274qww5b,priority_match,49.0,paid,2025-07-10 11:18:51
45,130,ORD00130i6n2no,matchmaker_1v1,199.0,unpaid,2025-06-30 11:18:51
46,131,ORD0013103cs3k,exposure_boost,19.9,unpaid,2025-06-14 11:18:51
47,132,ORD00132nluycg,exposure_boost,19.9,unpaid,2025-08-23 11:18:51
48,134,ORD00134av035f,priority_match,49.0,paid,2025-07-25 11:18:51
49,135,ORD00135f6k9te,priority_match,49.0,refunded,2025-08-26 11:18:51
50,136,ORD00136ssj346,exposure_boost,19.9,paid,2025-07-28 11:18:51
51,139,ORD00139c42h5u,matchmaker_1v1,199.0,unpaid,2025-08-09 11:18:51
52,141,ORD00141zy54iq,matchmaker_1v1,199.0,paid,2025-09-06 11:18:51
53,143,ORD00143ndxr03,matchmaker_1v1,199.0,refunded,2025-07-19 11:18:51
54,144,ORD00144ez7xu1,exposure_boost,19.9,refunded,2025-09-08 11:18:51
55,153,ORD00153f1t6ap,exposure_boost,19.9,refunded,2025-07-04 11:18:51
56,157,ORD0015709vibu,matchmaker_1v1,199.0,unpaid,2025-06-28 11:18:51
57,162,ORD00162ekexns,exposure_boost,19.9,refunded,2025-08-22 11:18:51
58,163,ORD00163dtbf61,priority_match,49.0,refunded,2025-08-07 11:18:51
59,172,ORD00172boz2gu,matchmaker_1v1,199.0,paid,2025-08-11 11:18:51
60,185,ORD001850o9qqw,matchmaker_1v1,199.0,refunded,2025-08-16 11:18:51
61,189,ORD001897owkbz,exposure_boost,19.9,refunding,2025-07-08 11:18:51
62,193,ORD001938n65ni,matchmaker_1v1,199.0,paid,2025-07-04 11:18:51
63,196,ORD00196aw6tx1,priority_match,49.0,paid,2025-07-18 11:18:51
64,197,ORD001973uf6wb,matchmaker_1v1,199.0,refunded,2025-08-28 11:18:51
65,202,ORD00202eaz0qn,matchmaker_1v1,199.0,refunding,2025-07-26 11:18:51
66,203,ORD0020343zz46,priority_match,49.0,refunding,2025-06-15 11:18:51
67,208,ORD002086m6ljt,matchmaker_1v1,199.0,unpaid,2025-07-22 11:18:51
68,210,ORD00210qwkwkm,priority_match,49.0,paid,2025-09-02 11:18:51
69,214,ORD00214x7j1pk,matchmaker_1v1,199.0,refunded,2025-07-05 11:18:51
70,217,ORD002176k9vs1,exposure_boost,19.9,paid,2025-08-13 11:18:51
71,218,ORD002189cmmwc,matchmaker_1v1,199.0,refunded,2025-07-23 11:18:51
72,224,ORD0022436b76b,exposure_boost,19.9,unpaid,2025-08-12 11:18:51
73,228,ORD00228pvbkzu,matchmaker_1v1,199.0,refunding,2025-07-14 11:18:51
74,230,ORD00230itl792,matchmaker_1v1,199.0,refunded,2025-08-08 11:18:51
75,231,ORD00231mwibhj,exposure_boost,19.9,paid,2025-08-12 11:18:51
76,232,ORD002328sje4f,priority_match,49.0,unpaid,2025-07-02 11:18:51
77,233,ORD002336jket4,priority_match,49.0,refunded,2025-06-30 11:18:51
78,237,ORD0023758b2kf,exposure_boost,19.9,refunded,2025-08-16 11:18:51
79,238,ORD002382w9wib,exposure_boost,19.9,paid,2025-08-04 11:18:51
80,244,ORD00244laid4b,matchmaker_1v1,199.0,refunding,2025-08-29 11:18:51
81,245,ORD00245itiy4a,priority_match,49.0,paid,2025-07-20 11:18:51
82,247,ORD00247n9zaly,priority_match,49.0,paid,2025-08-25 11:18:51
83,248,ORD002485bkr4e,priority_match,49.0,paid,2025-06-17 11:18:51
84,251,ORD00251ojiw5y,matchmaker_1v1,199.0,paid,2025-09-09 11:18:51
85,253,ORD00253w7fy8w,exposure_boost,19.9,refunding,2025-07-31 11:18:51
86,256,ORD002565xz9kx,matchmaker_1v1,199.0,unpaid,2025-09-08 11:18:51
87,260,ORD00260lrnqn5,matchmaker_1v1,199.0,refunding,2025-08-05 11:18:51
88,263,ORD00263vu550k,matchmaker_1v1,199.0,refunded,2025-08-19 11:18:51
89,267,ORD00267h6pyvg,matchmaker_1v1,199.0,unpaid,2025-09-09 11:18:51
90,268,ORD00268och8di,matchmaker_1v1,199.0,refunded,2025-07-24 11:18:51
91,270,ORD00270l2rhm3,matchmaker_1v1,199.0,paid,2025-06-17 11:18:51
92,285,ORD0028578py60,matchmaker_1v1,199.0,refunded,2025-09-04 11:18:51
93,287,ORD00287pjgxy2,matchmaker_1v1,199.0,refunding,2025-08-16 11:18:51
94,289,ORD00289d9rtb2,matchmaker_1v1,199.0,refunding,2025-08-20 11:18:51
95,294,ORD00294eehr2d,matchmaker_1v1,199.0,refunded,2025-08-23 11:18:51
96,298,ORD002982cra9r,matchmaker_1v1,199.0,unpaid,2025-08-16 11:18:51
97,304,ORD003042ggp2b,matchmaker_1v1,199.0,refunded,2025-07-19 11:18:51
98,307,ORD00307q334s3,priority_match,49.0,unpaid,2025-07-02 11:18:51
99,311,ORD00311nuq1bb,matchmaker_1v1,199.0,refunding,2025-07-04 11:18:51
100,313,ORD00313v1bkjv,exposure_boost,19.9,paid,2025-09-07 11:18:51
101,317,ORD00317yi2174,priority_match,49.0,paid,2025-08-24 11:18:51
102,318,ORD00318kw6rk6,priority_match,49.0,refunded,2025-07-24 11:18:51
103,320,ORD00320z39alh,priority_match,49.0,paid,2025-09-07 11:18:51
104,321,ORD003218ie0ag,priority_match,49.0,refunding,2025-09-03 11:18:51
105,323,ORD003237wf219,priority_match,49.0,paid,2025-08-05 11:18:51
106,324,ORD00324hdorr9,matchmaker_1v1,199.0,refunding,2025-07-31 11:18:51
107,325,ORD003254hb7vl,matchmaker_1v1,199.0,unpaid,2025-07-28 11:18:51
108,328,ORD003281e58jq,priority_match,49.0,refunding,2025-08-10 11:18:51
109,335,ORD00335uyzgje,matchmaker_1v1,199.0,paid,2025-08-10 11:18:51
110,336,ORD0033601opjw,exposure_boost,19.9,unpaid,2025-09-09 11:18:51
111,337,ORD00337d5i351,priority_match,49.0,refunding,2025-08-22 11:18:51
112,339,ORD00339bdrnc5,matchmaker_1v1,199.0,unpaid,2025-07-13 11:18:51
113,340,ORD0034086kmtx,exposure_boost,19.9,paid,2025-08-25 11:18:51
114,341,ORD003418ovlgy,exposure_boost,19.9,paid,2025-08-18 11:18:51
115,342,ORD00342gcqxcs,priority_match,49.0,paid,2025-07-17 11:18:51
116,354,ORD003544ctyaz,matchmaker_1v1,199.0,refunded,2025-06-13 11:18:51
117,355,ORD0035508o8tm,exposure_boost,19.9,unpaid,2025-07-25 11:18:51
118,357,ORD00357sljek2,exposure_boost,19.9,refunding,2025-07-09 11:18:51
119,358,ORD00358v76sbg,exposure_boost,19.9,refunding,2025-07-29 11:18:51
120,361,ORD00361ehbclk,matchmaker_1v1,199.0,refunding,2025-07-20 11:18:51
121,366,ORD00366kavo8r,matchmaker_1v1,199.0,refunded,2025-07-25 11:18:51
122,367,ORD00367vwutof,exposure_boost,19.9,refunded,2025-06-16 11:18:51
123,368,ORD00368kwiyl1,exposure_boost,19.9,paid,2025-07-24 11:18:51
124,371,ORD0037157kmqf,priority_match,49.0,paid,2025-07-01 11:18:51
125,375,ORD00375ur7s0y,priority_match,49.0,refunding,2025-08-18 11:18:51
126,376,ORD00376kjh2qc,priority_match,49.0,refunding,2025-08-01 11:18:51
127,381,ORD00381aop4jr,priority_match,49.0,refunding,2025-07-04 11:18:51
128,383,ORD0038343tzte,priority_match,49.0,paid,2025-08-25 11:18:51
129,385,ORD00385jujhvd,exposure_boost,19.9,paid,2025-08-11 11:18:51
130,386,ORD00386s6egn1,priority_match,49.0,paid,2025-06-18 11:18:51
131,387,ORD003879wyzlq,exposure_boost,19.9,paid,2025-08-28 11:18:51
132,390,ORD00390m62idg,matchmaker_1v1,199.0,unpaid,2025-09-04 11:18:51
133,391,ORD00391l22f8j,priority_match,49.0,refunding,2025-08-30 11:18:51
134,392,ORD00392pk8k9m,priority_match,49.0,unpaid,2025-07-17 11:18:51
135,394,ORD00394l8xkm7,priority_match,49.0,paid,2025-09-05 11:18:51
136,395,ORD00395wdkkfy,exposure_boost,19.9,refunding,2025-06-27 11:18:51
137,397,ORD00397cq32fu,matchmaker_1v1,199.0,refunded,2025-07-06 11:18:51
138,400,ORD00400ki9xxy,priority_match,49.0,refunded,2025-08-07 11:18:51
139,401,ORD00401gk4vnn,exposure_boost,19.9,refunded,2025-07-19 11:18:51
140,402,ORD004026jd9yr,matchmaker_1v1,199.0,refunding,2025-09-09 11:18:51
141,404,ORD004041gc56k,priority_match,49.0,paid,2025-06-12 11:18:51
142,405,ORD00405nxlw8t,priority_match,49.0,paid,2025-07-16 11:18:51
143,406,ORD00406sjq71x,exposure_boost,19.9,unpaid,2025-07-31 11:18:51
144,408,ORD00408v8k9eb,matchmaker_1v1,199.0,refunded,2025-07-17 11:18:51
145,409,ORD0040959g11x,exposure_boost,19.9,paid,2025-08-23 11:18:51
146,417,ORD00417qel1ib,priority_match,49.0,paid,2025-06-26 11:18:51
147,419,ORD004193eu3me,matchmaker_1v1,199.0,paid,2025-06-22 11:18:51
148,422,ORD004226uqhde,matchmaker_1v1,199.0,unpaid,2025-07-27 11:18:51
149,424,ORD00424kim65n,matchmaker_1v1,199.0,paid,2025-08-29 11:18:51
150,425,ORD00425ldrp7j,exposure_boost,19.9,paid,2025-08-27 11:18:51
151,426,ORD00426hs2hgf,matchmaker_1v1,199.0,refunded,2025-07-23 11:18:51
152,427,ORD00427c0sll9,priority_match,49.0,paid,2025-08-17 11:18:51
153,428,ORD00428uvbljs,exposure_boost,19.9,unpaid,2025-07-14 11:18:51
154,430,ORD00430y7hflk,matchmaker_1v1,199.0,paid,2025-08-01 11:18:51
155,431,ORD00431nwdz4r,priority_match,49.0,paid,2025-06-16 11:18:51
156,436,ORD004363p9ftr,exposure_boost,19.9,refunded,2025-08-21 11:18:51
157,438,ORD00438c93tpq,matchmaker_1v1,199.0,unpaid,2025-07-18 11:18:51
158,439,ORD00439lrcox2,matchmaker_1v1,199.0,paid,2025-07-23 11:18:51
159,440,ORD0044070vftk,priority_match,49.0,refunded,2025-08-07 11:18:51
160,441,ORD00441ebbvqo,priority_match,49.0,paid,2025-08-23 11:18:51
161,442,ORD0044221lggc,matchmaker_1v1,199.0,paid,2025-07-22 11:18:51
162,443,ORD004433jxkey,priority_match,49.0,refunding,2025-08-05 11:18:51
163,445,ORD00445hy3q04,matchmaker_1v1,199.0,refunded,2025-09-10 11:18:51
164,449,ORD00449cd60yj,priority_match,49.0,paid,2025-07-02 11:18:51
165,450,ORD00450x9iczt,matchmaker_1v1,199.0,refunded,2025-08-04 11:18:51
166,455,ORD004551lcke4,priority_match,49.0,refunding,2025-08-22 11:18:51
167,456,ORD004567by3my,matchmaker_1v1,199.0,paid,2025-08-14 11:18:51
168,458,ORD0045816osoj,exposure_boost,19.9,unpaid,2025-07-06 11:18:51
169,459,ORD00459cl1yvk,exposure_boost,19.9,refunding,2025-08-03 11:18:51
170,460,ORD00460ticcs5,priority_match,49.0,refunding,2025-08-05 11:18:51
171,461,ORD004613byvgz,matchmaker_1v1,199.0,unpaid,2025-08-21 11:18:51
172,463,ORD00463ygfzb7,exposure_boost,19.9,refunded,2025-08-01 11:18:51
173,466,ORD00466c2xaqo,priority_match,49.0,refunding,2025-07-14 11:18:51
174,467,ORD00467ib9o5c,exposure_boost,19.9,paid,2025-09-05 11:18:51
175,469,ORD00469s19zb1,matchmaker_1v1,199.0,paid,2025-07-30 11:18:51
176,470,ORD00470of93zb,priority_match,49.0,paid,2025-07-03 11:18:51
177,472,ORD00472dk3qxj,priority_match,49.0,unpaid,2025-07-10 11:18:51
178,474,ORD00474bypwla,exposure_boost,19.9,paid,2025-08-26 11:18:51
179,476,ORD00476ffthoa,priority_match,49.0,refunded,2025-06-13 11:18:51
180,478,ORD004789nxrfp,exposure_boost,19.9,refunding,2025-06-22 11:18:51
181,484,ORD00484gd064u,matchmaker_1v1,199.0,refunding,2025-08-11 11:18:51
182,485,ORD004855suctl,matchmaker_1v1,199.0,paid,2025-06-15 11:18:51
183,486,ORD00486xf6q27,priority_match,49.0,paid,2025-06-15 11:18:51
184,489,ORD0048984j40o,priority_match,49.0,unpaid,2025-08-17 11:18:51
185,490,ORD00490qygri3,exposure_boost,19.9,refunding,2025-09-01 11:18:51
186,497,ORD004979z3fbg,matchmaker_1v1,199.0,paid,2025-07-30 11:18:51
187,499,ORD00499ofjoyz,exposure_boost,19.9,unpaid,2025-07-13 11:18:51
188,501,ORD0050163w8s3,matchmaker_1v1,199.0,unpaid,2025-09-02 11:18:51
189,502,ORD00502s6lyri,priority_match,49.0,paid,2025-06-21 11:18:51
190,503,ORD0050390vfvc,exposure_boost,19.9,paid,2025-08-19 11:18:51
191,504,ORD005044hi3f2,exposure_boost,19.9,refunding,2025-07-14 11:18:51
192,508,ORD00508hrxtde,matchmaker_1v1,199.0,refunding,2025-08-27 11:18:51
193,515,ORD00515c8899o,priority_match,49.0,paid,2025-08-28 11:18:51
194,517,ORD00517pjj7yw,matchmaker_1v1,199.0,refunded,2025-07-18 11:18:51
195,518,ORD005188bmnhm,priority_match,49.0,paid,2025-06-26 11:18:51
196,519,ORD00519wubsj9,matchmaker_1v1,199.0,unpaid,2025-06-16 11:18:51
197,521,ORD00521x5a1a8,exposure_boost,19.9,paid,2025-08-28 11:18:51
198,523,ORD0052347olt0,exposure_boost,19.9,refunded,2025-06-30 11:18:51
199,531,ORD00531vabrff,exposure_boost,19.9,paid,2025-06-23 11:18:51
200,534,ORD00534560sg0,priority_match,49.0,refunded,2025-08-21 11:18:51
201,535,ORD00535vhwd8h,priority_match,49.0,paid,2025-07-29 11:18:51
202,536,ORD005361uv5yj,priority_match,49.0,paid,2025-09-05 11:18:51
203,539,ORD005390lqaz0,exposure_boost,19.9,refunded,2025-08-22 11:18:51
204,541,ORD00541kaeff7,priority_match,49.0,unpaid,2025-06-14 11:18:51
205,542,ORD00542x0igla,priority_match,49.0,paid,2025-07-10 11:18:51
206,543,ORD00543hu7pwm,priority_match,49.0,paid,2025-08-03 11:18:51
207,546,ORD00546onnosk,exposure_boost,19.9,refunded,2025-07-12 11:18:51
208,547,ORD00547vw02xf,priority_match,49.0,unpaid,2025-06-21 11:18:51
209,548,ORD005482mzkcv,exposure_boost,19.9,paid,2025-07-11 11:18:51
210,549,ORD00549fgk0k7,matchmaker_1v1,199.0,unpaid,2025-06-25 11:18:51
211,552,ORD00552hk9tun,priority_match,49.0,paid,2025-07-15 11:18:51
212,553,ORD005536oam7a,priority_match,49.0,refunded,2025-07-02 11:18:51
213,559,ORD00559z6693j,exposure_boost,19.9,paid,2025-06-25 11:18:51
214,560,ORD00560yi1lni,priority_match,49.0,unpaid,2025-06-13 11:18:51
215,563,ORD00563uwfcbb,exposure_boost,19.9,refunding,2025-08-23 11:18:51
216,564,ORD00564j85l3c,matchmaker_1v1,199.0,unpaid,2025-08-07 11:18:51
217,569,ORD00569tmc0sv,exposure_boost,19.9,paid,2025-08-09 11:18:51
218,571,ORD005710fcmal,exposure_boost,19.9,refunding,2025-07-24 11:18:51
219,573,ORD005733zxw5e,matchmaker_1v1,199.0,paid,2025-08-11 11:18:51
220,574,ORD0057410l5f8,matchmaker_1v1,199.0,paid,2025-06-14 11:18:51
221,576,ORD00576sfnfho,exposure_boost,19.9,refunding,2025-07-27 11:18:51
222,580,ORD00580rifyj8,priority_match,49.0,refunding,2025-07-21 11:18:51
223,582,ORD00582cv3e48,matchmaker_1v1,199.0,paid,2025-06-30 11:18:51
224,583,ORD005832uu73p,matchmaker_1v1,199.0,unpaid,2025-07-04 11:18:51
225,586,ORD00586s2w3eu,matchmaker_1v1,199.0,refunding,2025-08-04 11:18:51
226,587,ORD00587l7r5ii,priority_match,49.0,refunding,2025-08-10 11:18:51
227,591,ORD00591ac4qyo,exposure_boost,19.9,unpaid,2025-08-04 11:18:51
228,598,ORD005982un9v6,matchmaker_1v1,199.0,paid,2025-06-15 11:18:51
229,601,ORD006010udfte,priority_match,49.0,paid,2025-07-11 11:18:51
230,604,ORD00604zub0kn,matchmaker_1v1,199.0,refunding,2025-07-22 11:18:51
231,605,ORD00605wjfc15,priority_match,49.0,paid,2025-06-30 11:18:51
232,606,ORD006066ja6x8,exposure_boost,19.9,unpaid,2025-08-26 11:18:51
233,613,ORD00613t15stw,matchmaker_1v1,199.0,refunded,2025-06-17 11:18:51
234,616,ORD00616d7kpbo,matchmaker_1v1,199.0,refunded,2025-09-09 11:18:51
235,618,ORD00618h0zjxh,exposure_boost,19.9,refunded,2025-07-13 11:18:51
236,627,ORD00627ovnjxx,exposure_boost,19.9,refunded,2025-06-20 11:18:51
237,631,ORD00631vd7uma,matchmaker_1v1,199.0,refunding,2025-07-24 11:18:51
238,632,ORD00632aomtf0,matchmaker_1v1,199.0,refunding,2025-07-25 11:18:51
239,634,ORD006344ddrpl,priority_match,49.0,unpaid,2025-06-12 11:18:51
240,636,ORD006364viyse,matchmaker_1v1,199.0,unpaid,2025-08-09 11:18:51
241,637,ORD00637v77rmv,matchmaker_1v1,199.0,paid,2025-08-06 11:18:51
242,638,ORD00638juu3cw,exposure_boost,19.9,paid,2025-08-30 11:18:51
243,639,ORD00639164xig,exposure_boost,19.9,paid,2025-06-28 11:18:51
244,641,ORD0064170w0px,matchmaker_1v1,199.0,paid,2025-06-22 11:18:51
245,644,ORD006445uavxr,exposure_boost,19.9,paid,2025-07-07 11:18:51
246,647,ORD00647tstxzw,matchmaker_1v1,199.0,refunded,2025-08-06 11:18:51
247,648,ORD00648290ky4,matchmaker_1v1,199.0,unpaid,2025-09-10 11:18:51
248,649,ORD00649qi3emq,priority_match,49.0,paid,2025-09-07 11:18:51
249,652,ORD006524y29i5,exposure_boost,19.9,paid,2025-08-03 11:18:51
250,653,ORD00653gaxfpp,priority_match,49.0,refunded,2025-07-19 11:18:51
251,656,ORD00656c8hzmp,exposure_boost,19.9,paid,2025-07-22 11:18:51
252,657,ORD0065706rjqx,matchmaker_1v1,199.0,refunding,2025-07-14 11:18:51
253,658,ORD00658yq4s37,priority_match,49.0,unpaid,2025-07-06 11:18:51
254,659,ORD006594e5kfa,priority_match,49.0,refunding,2025-07-16 11:18:51
255,662,ORD00662eoziu8,matchmaker_1v1,199.0,paid,2025-08-21 11:18:51
256,665,ORD00665fyeqe8,priority_match,49.0,paid,2025-09-05 11:18:51
257,666,ORD00666lcyifz,priority_match,49.0,refunding,2025-06-23 11:18:51
258,673,ORD00673vkzitw,priority_match,49.0,refunding,2025-09-09 11:18:51
259,674,ORD00674piu8h1,exposure_boost,19.9,paid,2025-06-29 11:18:51
260,676,ORD00676mphidg,matchmaker_1v1,199.0,paid,2025-06-20 11:18:51
261,680,ORD006808bm7h8,priority_match,49.0,refunded,2025-07-16 11:18:51
262,682,ORD0068295fusy,priority_match,49.0,refunded,2025-07-23 11:18:51
263,684,ORD00684icl5gq,priority_match,49.0,refunding,2025-07-16 11:18:51
264,685,ORD006859yovbc,exposure_boost,19.9,paid,2025-08-28 11:18:51
265,688,ORD00688ifyzq7,exposure_boost,19.9,paid,2025-07-30 11:18:51
266,695,ORD00695zwru4z,priority_match,49.0,refunded,2025-07-28 11:18:51
267,696,ORD006965qejca,matchmaker_1v1,199.0,paid,2025-08-27 11:18:51
268,698,ORD006981ya2nr,priority_match,49.0,refunding,2025-09-07 11:18:51
269,701,ORD00701psmg7i,priority_match,49.0,paid,2025-06-17 11:18:51
270,702,ORD00702quu635,matchmaker_1v1,199.0,unpaid,2025-07-23 11:18:51
271,704,ORD00704jx408i,priority_match,49.0,refunding,2025-08-05 11:18:51
272,707,ORD00707hyk23v,priority_match,49.0,paid,2025-07-08 11:18:51
273,709,ORD007095pjg1g,matchmaker_1v1,199.0,refunding,2025-07-18 11:18:51
274,711,ORD00711cag2l7,exposure_boost,19.9,refunded,2025-07-19 11:18:51
275,712,ORD00712yq6yc7,exposure_boost,19.9,paid,2025-07-28 11:18:51
276,713,ORD00713kmyywd,exposure_boost,19.9,paid,2025-07-17 11:18:51
277,714,ORD00714gpnvg9,matchmaker_1v1,199.0,refunding,2025-06-22 11:18:51
278,715,ORD00715duy8tv,exposure_boost,19.9,refunding,2025-07-15 11:18:51
279,716,ORD00716j14lkf,matchmaker_1v1,199.0,refunding,2025-07-03 11:18:51
280,721,ORD00721ihslff,matchmaker_1v1,199.0,refunding,2025-07-16 11:18:51
281,722,ORD00722c836xu,priority_match,49.0,paid,2025-08-05 11:18:51
282,726,ORD00726jzmrhp,exposure_boost,19.9,unpaid,2025-07-30 11:18:51
283,728,ORD00728xav4jo,priority_match,49.0,paid,2025-07-14 11:18:51
284,737,ORD007379uvws7,matchmaker_1v1,199.0,paid,2025-09-02 11:18:51
285,738,ORD0073870ubr9,matchmaker_1v1,199.0,paid,2025-08-20 11:18:51
286,747,ORD007478fo7rh,priority_match,49.0,refunded,2025-07-26 11:18:51
287,749,ORD00749t7tr17,matchmaker_1v1,199.0,unpaid,2025-07-27 11:18:51
288,751,ORD00751y55jxl,matchmaker_1v1,199.0,paid,2025-08-30 11:18:51
289,757,ORD00757xb5jk6,matchmaker_1v1,199.0,refunding,2025-07-25 11:18:51
290,760,ORD007602ivhsv,matchmaker_1v1,199.0,paid,2025-08-28 11:18:51
291,762,ORD00762huo0eg,exposure_boost,19.9,paid,2025-08-17 11:18:51
292,767,ORD00767u29p0o,priority_match,49.0,paid,2025-08-26 11:18:51
293,768,ORD00768ugsqhc,exposure_boost,19.9,refunded,2025-06-25 11:18:51
294,769,ORD00769ij4xiz,exposure_boost,19.9,unpaid,2025-07-31 11:18:51
295,771,ORD007713m2nf0,priority_match,49.0,refunded,2025-07-17 11:18:51
296,773,ORD00773dbevnr,matchmaker_1v1,199.0,unpaid,2025-07-27 11:18:51
297,776,ORD00776srq5q6,priority_match,49.0,paid,2025-07-31 11:18:51
298,777,ORD00777nsliu0,priority_match,49.0,paid,2025-08-05 11:18:51
299,778,ORD00778rfcyze,priority_match,49.0,paid,2025-07-14 11:18:51
300,779,ORD00779spqb95,priority_match,49.0,unpaid,2025-08-23 11:18:51
301,784,ORD00784qrav2g,matchmaker_1v1,199.0,paid,2025-06-29 11:18:51
302,787,ORD00787l4vwrn,priority_match,49.0,paid,2025-08-31 11:18:51
303,791,ORD007912ic3vo,exposure_boost,19.9,paid,2025-09-07 11:18:51
304,795,ORD007959bhrlt,exposure_boost,19.9,paid,2025-07-13 11:18:51
305,796,ORD007967dhmfg,matchmaker_1v1,199.0,paid,2025-08-04 11:18:51
306,800,ORD00800vwf8mb,exposure_boost,19.9,paid,2025-07-22 11:18:51
307,801,ORD00801fueaco,exposure_boost,19.9,paid,2025-08-08 11:18:51
308,802,ORD008028779wu,priority_match,49.0,paid,2025-07-01 11:18:51
309,803,ORD00803noqipw,exposure_boost,19.9,paid,2025-09-10 11:18:51
310,806,ORD00806tr9779,matchmaker_1v1,199.0,refunding,2025-07-16 11:18:51
311,807,ORD00807snzdt9,priority_match,49.0,paid,2025-08-08 11:18:51
312,810,ORD00810dbr2c4,exposure_boost,19.9,refunding,2025-08-20 11:18:51
313,811,ORD00811zrv9qt,priority_match,49.0,refunding,2025-07-02 11:18:51
314,820,ORD008202tdfiq,matchmaker_1v1,199.0,refunding,2025-06-15 11:18:51
315,822,ORD00822sumd58,priority_match,49.0,refunded,2025-09-02 11:18:51
316,827,ORD00827o0uxoc,priority_match,49.0,unpaid,2025-06-23 11:18:51
317,830,ORD00830pn6t9e,priority_match,49.0,paid,2025-06-14 11:18:51
318,832,ORD008323azsf6,matchmaker_1v1,199.0,refunded,2025-07-31 11:18:51
319,834,ORD00834r92j5r,priority_match,49.0,unpaid,2025-07-11 11:18:51
320,835,ORD00835pmwaz7,matchmaker_1v1,199.0,paid,2025-06-20 11:18:51
321,841,ORD00841zuzr9h,matchmaker_1v1,199.0,paid,2025-08-10 11:18:51
322,846,ORD00846m8ftrw,exposure_boost,19.9,unpaid,2025-07-22 11:18:51
323,850,ORD0085035jf59,exposure_boost,19.9,paid,2025-09-06 11:18:51
324,851,ORD0085182a1yi,exposure_boost,19.9,unpaid,2025-06-18 11:18:51
325,853,ORD00853k7j6wn,priority_match,49.0,refunded,2025-07-17 11:18:51
326,857,ORD00857wakl1v,exposure_boost,19.9,refunded,2025-09-05 11:18:51
327,858,ORD00858sehoqz,exposure_boost,19.9,refunded,2025-07-12 11:18:51
328,864,ORD00864jm4p9b,priority_match,49.0,refunded,2025-06-23 11:18:51
329,867,ORD00867up5bvf,exposure_boost,19.9,paid,2025-07-17 11:18:51
330,868,ORD00868o16lff,priority_match,49.0,unpaid,2025-07-22 11:18:51
331,870,ORD008705b501k,exposure_boost,19.9,unpaid,2025-06-24 11:18:51
332,871,ORD00871j75q0n,priority_match,49.0,paid,2025-08-13 11:18:51
333,872,ORD00872dbdptk,exposure_boost,19.9,paid,2025-08-31 11:18:51
334,873,ORD00873ps86x5,priority_match,49.0,refunding,2025-06-26 11:18:51
335,875,ORD008759v0cw8,exposure_boost,19.9,refunded,2025-08-15 11:18:51
336,876,ORD008763y0ymn,exposure_boost,19.9,refunding,2025-06-19 11:18:51
337,877,ORD00877wvbvj6,priority_match,49.0,paid,2025-08-09 11:18:51
338,878,ORD008780h3lq1,priority_match,49.0,paid,2025-06-19 11:18:51
339,879,ORD00879amkcej,matchmaker_1v1,199.0,paid,2025-08-22 11:18:51
340,886,ORD00886frtii2,priority_match,49.0,unpaid,2025-06-14 11:18:51
341,887,ORD00887xf1ktk,priority_match,49.0,refunding,2025-06-15 11:18:51
342,889,ORD00889u0n938,priority_match,49.0,refunded,2025-07-01 11:18:51
343,891,ORD00891nfy1s2,priority_match,49.0,paid,2025-06-24 11:18:51
344,892,ORD0089279yl12,exposure_boost,19.9,refunding,2025-07-28 11:18:51
345,893,ORD00893wyr4n0,exposure_boost,19.9,refunding,2025-08-25 11:18:51
346,895,ORD008950z6qge,matchmaker_1v1,199.0,paid,2025-07-17 11:18:51
347,896,ORD008964cyma4,exposure_boost,19.9,refunding,2025-07-17 11:18:51
348,898,ORD00898dw9f92,priority_match,49.0,refunded,2025-08-04 11:18:51
349,899,ORD00899redq4h,matchmaker_1v1,199.0,paid,2025-06-16 11:18:51
350,901,ORD00901szt1r8,matchmaker_1v1,199.0,paid,2025-07-17 11:18:51
351,905,ORD009050bpt3e,matchmaker_1v1,199.0,paid,2025-08-22 11:18:51
352,907,ORD00907jt57y8,exposure_boost,19.9,paid,2025-07-01 11:18:51
353,912,ORD00912ongz2p,priority_match,49.0,refunded,2025-08-29 11:18:51
354,917,ORD00917pqhmx5,priority_match,49.0,refunded,2025-09-02 11:18:51
355,924,ORD00924asrw7s,priority_match,49.0,paid,2025-07-08 11:18:51
356,925,ORD009250pr82n,priority_match,49.0,refunding,2025-08-29 11:18:51
357,927,ORD00927oddrx1,matchmaker_1v1,199.0,refunded,2025-08-11 11:18:51
358,932,ORD009320xw0rq,exposure_boost,19.9,paid,2025-07-27 11:18:51
359,935,ORD0093555kyxn,matchmaker_1v1,199.0,paid,2025-08-30 11:18:51
360,938,ORD00938tak99c,priority_match,49.0,unpaid,2025-09-10 11:18:51
361,939,ORD00939p693po,priority_match,49.0,paid,2025-08-31 11:18:51
362,940,ORD009403u8l7e,priority_match,49.0,unpaid,2025-09-01 11:18:51
363,942,ORD00942s3b6fm,priority_match,49.0,paid,2025-07-29 11:18:51
364,945,ORD00945plmao6,priority_match,49.0,refunding,2025-06-23 11:18:51
365,946,ORD0094611ohju,matchmaker_1v1,199.0,refunded,2025-09-06 11:18:51
366,952,ORD00952hirb9s,priority_match,49.0,paid,2025-07-13 11:18:51
367,953,ORD00953k72xxz,exposure_boost,19.9,unpaid,2025-06-28 11:18:51
368,954,ORD00954kofuzt,priority_match,49.0,paid,2025-07-18 11:18:51
369,955,ORD00955tnkupb,matchmaker_1v1,199.0,refunded,2025-08-05 11:18:51
370,956,ORD009561j9o6w,priority_match,49.0,paid,2025-06-21 11:18:51
371,958,ORD00958wdrx2e,exposure_boost,19.9,refunding,2025-07-28 11:18:51
372,962,ORD00962wk6vk0,matchmaker_1v1,199.0,paid,2025-07-11 11:18:51
373,965,ORD00965yi7y93,exposure_boost,19.9,paid,2025-08-03 11:18:51
374,967,ORD00967ozs9mk,priority_match,49.0,refunded,2025-06-20 11:18:51
375,968,ORD00968zgcr0w,priority_match,49.0,refunded,2025-07-15 11:18:51
376,970,ORD0097040i15b,priority_match,49.0,paid,2025-07-22 11:18:51
377,974,ORD00974vbhk30,matchmaker_1v1,199.0,refunding,2025-09-09 11:18:51
378,976,ORD00976aoohhe,exposure_boost,19.9,refunding,2025-06-24 11:18:51
379,979,ORD0097995fufc,exposure_boost,19.9,refunding,2025-07-08 11:18:51
380,980,ORD00980jzx2zr,exposure_boost,19.9,refunded,2025-06-16 11:18:51
381,983,ORD009835rw0ta,priority_match,49.0,refunded,2025-07-18 11:18:51
382,985,ORD009858vj3uz,priority_match,49.0,refunding,2025-07-26 11:18:51
383,987,ORD00987v8wfxh,matchmaker_1v1,199.0,refunding,2025-06-26 11:18:51
384,989,ORD00989mazluj,exposure_boost,19.9,paid,2025-09-02 11:18:51
385,991,ORD00991f68bu6,exposure_boost,19.9,unpaid,2025-06-12 11:18:51
386,993,ORD00993kxoboz,priority_match,49.0,paid,2025-08-06 11:18:51
387,994,ORD00994znrqld,exposure_boost,19.9,refunded,2025-08-08 11:18:51
388,999,ORD00999mm5gt8,matchmaker_1v1,199.0,refunded,2025-08-18 11:18:51
389,1003,ORD01003huj4j2,matchmaker_1v1,199.0,paid,2025-06-13 11:18:51
390,1005,ORD01005jblgfh,priority_match,49.0,refunded,2025-08-17 11:18:51
391,1006,ORD010062rj5eh,matchmaker_1v1,199.0,refunded,2025-08-12 11:18:51
392,1007,ORD01007rtlowr,matchmaker_1v1,199.0,refunding,2025-07-10 11:18:51
393,1010,ORD01010xaehpf,matchmaker_1v1,199.0,refunding,2025-08-04 11:18:51
394,1013,ORD01013k1kpje,matchmaker_1v1,199.0,paid,2025-08-14 11:18:51
395,1014,ORD01014zvuvkr,priority_match,49.0,refunded,2025-06-29 11:18:51
396,1016,ORD01016q5z670,matchmaker_1v1,199.0,unpaid,2025-09-06 11:18:51
397,1018,ORD01018wt73sy,priority_match,49.0,refunded,2025-06-28 11:18:51
398,1019,ORD01019bljp2t,exposure_boost,19.9,paid,2025-06-12 11:18:51
399,1021,ORD01021fs8pad,priority_match,49.0,refunding,2025-08-15 11:18:51
400,1023,ORD01023frxztg,exposure_boost,19.9,refunded,2025-07-21 11:18:51
401,1026,ORD01026dyqpfr,matchmaker_1v1,199.0,refunded,2025-06-16 11:18:51
402,1029,ORD01029hjuted,priority_match,49.0,paid,2025-06-20 11:18:51
403,1031,ORD01031uj0b4p,priority_match,49.0,refunding,2025-08-31 11:18:51
404,1037,ORD01037sl47bs,matchmaker_1v1,199.0,unpaid,2025-07-09 11:18:51
405,1043,ORD01043gv1vg7,priority_match,49.0,refunding,2025-07-26 11:18:51
406,1044,ORD010443e39xm,matchmaker_1v1,199.0,refunded,2025-08-14 11:18:51
407,1045,ORD01045yzn3x3,priority_match,49.0,refunding,2025-06-28 11:18:51
408,1046,ORD01046emoahw,exposure_boost,19.9,paid,2025-06-30 11:18:51
409,1048,ORD01048vkzuk2,priority_match,49.0,refunding,2025-07-13 11:18:51
410,1050,ORD01050ns4jih,matchmaker_1v1,199.0,refunded,2025-06-15 11:18:51
411,1053,ORD01053fgap5d,priority_match,49.0,unpaid,2025-08-15 11:18:51
412,1054,ORD01054sb8dey,priority_match,49.0,paid,2025-07-26 11:18:51
413,1055,ORD01055tobf8o,priority_match,49.0,paid,2025-09-05 11:18:51
414,1056,ORD01056nezquq,priority_match,49.0,refunding,2025-08-01 11:18:51
415,1057,ORD010576fii8j,priority_match,49.0,paid,2025-06-25 11:18:51
416,1059,ORD01059o4psuy,priority_match,49.0,refunding,2025-07-10 11:18:51
417,1061,ORD010619j9lxj,matchmaker_1v1,199.0,unpaid,2025-07-17 11:18:51
418,1063,ORD01063q9sla2,priority_match,49.0,refunding,2025-09-10 11:18:51
419,1065,ORD01065nxas4x,exposure_boost,19.9,refunding,2025-07-22 11:18:51
420,1067,ORD01067cdjniw,exposure_boost,19.9,paid,2025-09-01 11:18:51
421,1069,ORD01069wn8hbf,priority_match,49.0,refunding,2025-07-24 11:18:51
422,1070,ORD0107031iaoy,exposure_boost,19.9,refunding,2025-07-01 11:18:51
423,1072,ORD010724zeo3q,exposure_boost,19.9,paid,2025-08-26 11:18:51
424,1073,ORD010732zcsc4,priority_match,49.0,refunded,2025-08-19 11:18:51
425,1078,ORD01078qqae4r,exposure_boost,19.9,unpaid,2025-08-28 11:18:51
426,1079,ORD01079vax0f6,matchmaker_1v1,199.0,refunding,2025-08-10 11:18:51
427,1080,ORD01080wkvgkq,priority_match,49.0,refunding,2025-07-25 11:18:51
428,1087,ORD010879d9ei8,matchmaker_1v1,199.0,unpaid,2025-06-25 11:18:51
429,1089,ORD01089btrp63,matchmaker_1v1,199.0,refunded,2025-07-07 11:18:51
430,1094,ORD01094vzmzi9,matchmaker_1v1,199.0,unpaid,2025-08-30 11:18:51
431,1097,ORD0109711xvrc,priority_match,49.0,refunding,2025-08-09 11:18:51
432,1098,ORD01098lt9bv5,matchmaker_1v1,199.0,refunded,2025-08-27 11:18:51
433,1099,ORD01099ysm05u,exposure_boost,19.9,paid,2025-07-31 11:18:51
434,1105,ORD01105h8t3mj,matchmaker_1v1,199.0,unpaid,2025-07-27 11:18:51
435,1111,ORD011119ht3ia,priority_match,49.0,refunded,2025-07-30 11:18:51
436,1113,ORD01113h3z1zg,priority_match,49.0,refunding,2025-06-25 11:18:51
437,1116,ORD011160afj3u,exposure_boost,19.9,paid,2025-09-03 11:18:51
438,1117,ORD01117e420r6,exposure_boost,19.9,refunded,2025-07-26 11:18:51
439,1118,ORD01118w6p5h5,exposure_boost,19.9,unpaid,2025-09-02 11:18:51
440,1119,ORD01119r2digd,exposure_boost,19.9,paid,2025-09-10 11:18:51
441,1123,ORD01123stpa6f,priority_match,49.0,paid,2025-07-26 11:18:51
442,1136,ORD011369qeoli,exposure_boost,19.9,paid,2025-06-13 11:18:51
443,1140,ORD01140darrby,priority_match,49.0,unpaid,2025-07-10 11:18:51
444,1144,ORD01144134pdo,priority_match,49.0,paid,2025-09-08 11:18:51
445,1151,ORD011515m1r42,matchmaker_1v1,199.0,unpaid,2025-07-17 11:18:51
446,1153,ORD011536bcv1s,exposure_boost,19.9,paid,2025-09-06 11:18:51
447,1155,ORD0115596kgha,priority_match,49.0,paid,2025-07-13 11:18:51
448,1156,ORD01156v3z7ra,exposure_boost,19.9,refunding,2025-07-24 11:18:51
449,1157,ORD01157nxxou0,exposure_boost,19.9,refunded,2025-08-31 11:18:51
450,1158,ORD01158n5t22g,exposure_boost,19.9,refunded,2025-06-23 11:18:51
451,1161,ORD01161c4o0fs,exposure_boost,19.9,unpaid,2025-08-11 11:18:51
452,1163,ORD01163ldr77x,matchmaker_1v1,199.0,refunded,2025-06-29 11:18:51
453,1164,ORD01164664r9e,matchmaker_1v1,199.0,paid,2025-07-01 11:18:51
454,1165,ORD01165cjcjxi,exposure_boost,19.9,paid,2025-08-08 11:18:51
455,1167,ORD01167nbmkjt,priority_match,49.0,refunding,2025-09-04 11:18:51
456,1168,ORD01168pkobk4,exposure_boost,19.9,paid,2025-07-18 11:18:51
457,1169,ORD01169nsdu5z,matchmaker_1v1,199.0,paid,2025-08-25 11:18:51
458,1173,ORD01173cg6ntn,matchmaker_1v1,199.0,paid,2025-08-19 11:18:51
459,1176,ORD01176kp6k3d,matchmaker_1v1,199.0,refunding,2025-08-12 11:18:51
460,1180,ORD01180a3wohw,exposure_boost,19.9,refunding,2025-09-07 11:18:51
461,1182,ORD011828l5dzl,matchmaker_1v1,199.0,paid,2025-09-06 11:18:51
462,1184,ORD01184p84nyu,matchmaker_1v1,199.0,unpaid,2025-07-10 11:18:51
463,1186,ORD01186bifpac,exposure_boost,19.9,refunding,2025-06-28 11:18:51
464,1187,ORD0118722y5bl,exposure_boost,19.9,refunded,2025-07-14 11:18:51
465,1188,ORD01188rgqo3b,matchmaker_1v1,199.0,refunding,2025-06-30 11:18:51
466,1195,ORD01195ron0qe,exposure_boost,19.9,paid,2025-07-09 11:18:51
467,1199,ORD01199czpzw3,exposure_boost,19.9,refunded,2025-08-01 11:18:51
468,1203,ORD01203tclsb2,exposure_boost,19.9,paid,2025-08-16 11:18:51
469,1204,ORD01204yskb1q,exposure_boost,19.9,refunded,2025-06-20 11:18:51
470,1207,ORD01207h8581q,priority_match,49.0,unpaid,2025-07-29 11:18:51
471,1208,ORD01208zak393,exposure_boost,19.9,refunding,2025-08-28 11:18:51
472,1212,ORD01212yozfly,exposure_boost,19.9,unpaid,2025-08-24 11:18:51
473,1214,ORD01214f3mk15,priority_match,49.0,paid,2025-09-01 11:18:51
474,1216,ORD01216f1plqy,matchmaker_1v1,199.0,refunded,2025-06-26 11:18:51
475,1218,ORD01218x8sorh,matchmaker_1v1,199.0,unpaid,2025-09-01 11:18:51
476,1222,ORD01222iqte0x,priority_match,49.0,paid,2025-07-14 11:18:51
477,1225,ORD01225di5fdc,priority_match,49.0,refunded,2025-08-21 11:18:51
478,1226,ORD01226gl76cj,priority_match,49.0,refunding,2025-09-01 11:18:51
479,1227,ORD01227ig52g4,exposure_boost,19.9,paid,2025-07-31 11:18:51
480,1232,ORD01232cyhn3k,priority_match,49.0,paid,2025-08-03 11:18:51
481,1236,ORD012363rzhjb,exposure_boost,19.9,paid,2025-08-11 11:18:51
482,1240,ORD01240cbe4zy,exposure_boost,19.9,paid,2025-09-04 11:18:51
483,1242,ORD012427xcgfp,exposure_boost,19.9,paid,2025-07-21 11:18:51
484,1246,ORD0124685wzt5,priority_match,49.0,refunded,2025-06-30 11:18:51
485,1248,ORD01248vgjoun,matchmaker_1v1,199.0,paid,2025-07-08 11:18:51
486,1250,ORD012502emcoz,exposure_boost,19.9,refunded,2025-07-10 11:18:51
487,1253,ORD01253o8e33m,exposure_boost,19.9,paid,2025-07-07 11:18:51
488,1254,ORD0125497gjn1,matchmaker_1v1,199.0,paid,2025-08-31 11:18:51
489,1255,ORD01255h6s0xx,exposure_boost,19.9,refunding,2025-08-02 11:18:51
490,1260,ORD012601p9up7,exposure_boost,19.9,paid,2025-08-15 11:18:51
491,1261,ORD01261l371i9,exposure_boost,19.9,paid,2025-07-15 11:18:51
492,1266,ORD01266vm5qyk,priority_match,49.0,unpaid,2025-07-09 11:18:51
493,1268,ORD01268bdgg7p,priority_match,49.0,refunded,2025-07-01 11:18:51
494,1269,ORD0126999dt25,matchmaker_1v1,199.0,refunded,2025-07-27 11:18:51
495,1271,ORD012712bfx5a,exposure_boost,19.9,paid,2025-06-28 11:18:51
496,1274,ORD01274oxrcuo,matchmaker_1v1,199.0,unpaid,2025-07-07 11:18:51
497,1276,ORD01276hub5qo,exposure_boost,19.9,paid,2025-06-13 11:18:51
498,1277,ORD01277nszzjp,priority_match,49.0,paid,2025-06-18 11:18:51
499,1278,ORD012780dt0zj,matchmaker_1v1,199.0,refunding,2025-08-14 11:18:51
500,1279,ORD01279a551sq,exposure_boost,19.9,unpaid,2025-07-16 11:18:51
501,1281,ORD01281isswue,exposure_boost,19.9,unpaid,2025-09-01 11:18:51
502,1282,ORD01282uy3ohi,priority_match,49.0,unpaid,2025-08-17 11:18:51
503,1284,ORD01284y2ntzm,priority_match,49.0,refunding,2025-06-16 11:18:51
504,1287,ORD01287z31b6q,exposure_boost,19.9,unpaid,2025-08-14 11:18:51
505,1294,ORD01294fxu05y,priority_match,49.0,refunded,2025-09-05 11:18:51
506,1298,ORD012985pwpp0,exposure_boost,19.9,unpaid,2025-08-03 11:18:51
507,1299,ORD01299gk4wf3,priority_match,49.0,paid,2025-07-19 11:18:51
508,1301,ORD01301ij9oir,exposure_boost,19.9,refunding,2025-06-27 11:18:51
509,1303,ORD01303u9pzn6,exposure_boost,19.9,paid,2025-07-07 11:18:51
510,1305,ORD013052v0bv2,priority_match,49.0,refunding,2025-08-10 11:18:51
511,1306,ORD01306kzczxt,exposure_boost,19.9,refunded,2025-06-19 11:18:51
512,1308,ORD01308fg28op,matchmaker_1v1,199.0,paid,2025-08-30 11:18:51
513,1309,ORD01309rfcqqb,matchmaker_1v1,199.0,unpaid,2025-06-26 11:18:51
514,1311,ORD01311g2vgrx,matchmaker_1v1,199.0,paid,2025-07-05 11:18:51
515,1314,ORD01314nfs0jf,matchmaker_1v1,199.0,unpaid,2025-08-21 11:18:51
516,1315,ORD013153xu6sk,matchmaker_1v1,199.0,unpaid,2025-09-06 11:18:51
517,1316,ORD01316nn9gvd,matchmaker_1v1,199.0,paid,2025-08-03 11:18:51
518,1319,ORD013199csnwq,exposure_boost,19.9,unpaid,2025-07-10 11:18:51
519,1321,ORD01321rr6clc,priority_match,49.0,paid,2025-08-21 11:18:51
520,1323,ORD01323k8osh7,priority_match,49.0,paid,2025-08-27 11:18:51
521,1325,ORD01325jnqljq,exposure_boost,19.9,paid,2025-07-15 11:18:51
522,1326,ORD01326mlkdxf,matchmaker_1v1,199.0,refunded,2025-09-09 11:18:51
523,1331,ORD01331wospd2,exposure_boost,19.9,paid,2025-09-02 11:18:51
524,1332,ORD01332c8kntb,matchmaker_1v1,199.0,refunded,2025-06-15 11:18:51
525,1335,ORD013356svut9,matchmaker_1v1,199.0,paid,2025-06-19 11:18:51
526,1337,ORD01337mld087,matchmaker_1v1,199.0,refunding,2025-08-25 11:18:51
527,1346,ORD0134674ugoy,exposure_boost,19.9,unpaid,2025-08-28 11:18:51
528,1347,ORD01347b7l9yj,priority_match,49.0,paid,2025-08-22 11:18:51
529,1360,ORD01360a1s6ck,exposure_boost,19.9,paid,2025-07-06 11:18:51
530,1361,ORD01361hoinp7,matchmaker_1v1,199.0,refunding,2025-07-03 11:18:51
531,1363,ORD01363b2i9e6,priority_match,49.0,unpaid,2025-09-10 11:18:51
532,1367,ORD01367vqxrbb,exposure_boost,19.9,paid,2025-09-10 11:18:51
533,1368,ORD01368jehd8o,matchmaker_1v1,199.0,paid,2025-08-11 11:18:51
534,1370,ORD013703hohdp,priority_match,49.0,unpaid,2025-06-18 11:18:51
535,1373,ORD0137398vf76,priority_match,49.0,unpaid,2025-07-03 11:18:51
536,1383,ORD01383cby9fs,priority_match,49.0,paid,2025-08-31 11:18:51
537,1385,ORD01385k53bib,matchmaker_1v1,199.0,refunded,2025-07-18 11:18:51
538,1386,ORD01386o14hxu,matchmaker_1v1,199.0,unpaid,2025-08-01 11:18:51
539,1389,ORD01389jqz7ym,exposure_boost,19.9,unpaid,2025-08-22 11:18:51
540,1390,ORD01390perhe8,exposure_boost,19.9,unpaid,2025-07-22 11:18:51
541,1393,ORD013935btvl1,exposure_boost,19.9,paid,2025-08-15 11:18:51
542,1394,ORD01394coto40,exposure_boost,19.9,refunding,2025-06-16 11:18:51
543,1398,ORD01398i6kfqf,matchmaker_1v1,199.0,refunding,2025-08-02 11:18:51
544,1399,ORD0139963y2ip,exposure_boost,19.9,paid,2025-07-19 11:18:51
545,1400,ORD01400lg2ujv,priority_match,49.0,unpaid,2025-06-12 11:18:51
546,1401,ORD01401sypmr6,exposure_boost,19.9,unpaid,2025-07-03 11:18:51
547,1405,ORD01405q7brd8,matchmaker_1v1,199.0,paid,2025-06-28 11:18:51
548,1409,ORD014096gh03z,priority_match,49.0,refunded,2025-09-03 11:18:51
549,1411,ORD01411ebt3jd,priority_match,49.0,paid,2025-08-02 11:18:51
550,1413,ORD01413qe57it,priority_match,49.0,refunding,2025-08-25 11:18:51
551,1416,ORD01416nwomx3,priority_match,49.0,paid,2025-06-24 11:18:51
552,1422,ORD01422lhdmgp,matchmaker_1v1,199.0,refunded,2025-08-10 11:18:51
553,1424,ORD01424s7wr4j,priority_match,49.0,paid,2025-06-13 11:18:51
554,1425,ORD0142504pjij,priority_match,49.0,paid,2025-07-26 11:18:51
555,1430,ORD01430ofa92d,matchmaker_1v1,199.0,unpaid,2025-07-26 11:18:51
556,1438,ORD0143835kcy4,matchmaker_1v1,199.0,paid,2025-06-25 11:18:51
557,1440,ORD01440i2ul7g,matchmaker_1v1,199.0,paid,2025-09-05 11:18:51
558,1441,ORD01441yzmtl7,matchmaker_1v1,199.0,refunding,2025-07-02 11:18:51
559,1443,ORD01443qo75ru,matchmaker_1v1,199.0,refunded,2025-07-15 11:18:51
560,1445,ORD01445zzwkk8,priority_match,49.0,refunded,2025-06-13 11:18:51
561,1447,ORD01447ye1yay,priority_match,49.0,paid,2025-06-12 11:18:51
562,1449,ORD01449yj8oqc,priority_match,49.0,unpaid,2025-06-15 11:18:51
563,1451,ORD01451240hbc,matchmaker_1v1,199.0,unpaid,2025-07-14 11:18:51
564,1455,ORD01455kj0i1s,priority_match,49.0,refunded,2025-07-12 11:18:51
565,1456,ORD01456dybdim,exposure_boost,19.9,paid,2025-08-09 11:18:51
566,1458,ORD01458twxet9,exposure_boost,19.9,unpaid,2025-08-24 11:18:51
567,1460,ORD01460c4wtre,matchmaker_1v1,199.0,refunding,2025-07-11 11:18:51
568,1461,ORD01461fzd26t,exposure_boost,19.9,refunded,2025-08-22 11:18:51
569,1465,ORD01465pvzhsz,priority_match,49.0,refunded,2025-07-15 11:18:51
570,1470,ORD01470wuqybe,matchmaker_1v1,199.0,paid,2025-08-30 11:18:51
571,1473,ORD01473380dth,matchmaker_1v1,199.0,refunded,2025-08-21 11:18:51
572,1474,ORD01474eo8yrp,matchmaker_1v1,199.0,refunding,2025-08-07 11:18:51
573,1475,ORD014756onrc5,priority_match,49.0,refunded,2025-07-04 11:18:51
574,1477,ORD01477wfiini,matchmaker_1v1,199.0,paid,2025-06-17 11:18:51
575,1479,ORD01479cbzjdw,matchmaker_1v1,199.0,refunded,2025-06-17 11:18:51
576,1480,ORD01480jj9c3n,matchmaker_1v1,199.0,unpaid,2025-08-29 11:18:51
577,1483,ORD01483nyacyo,exposure_boost,19.9,paid,2025-07-21 11:18:51
578,1484,ORD01484zm66yt,matchmaker_1v1,199.0,unpaid,2025-07-25 11:18:51
579,1485,ORD01485e14ce7,priority_match,49.0,paid,2025-07-02 11:18:51
580,1486,ORD01486rajfhm,matchmaker_1v1,199.0,paid,2025-08-24 11:18:51
581,1487,ORD01487k61rqh,priority_match,49.0,paid,2025-07-24 11:18:51
582,1491,ORD01491eubpvv,exposure_boost,19.9,paid,2025-08-05 11:18:51
583,1495,ORD01495c738l2,matchmaker_1v1,199.0,paid,2025-06-29 11:18:51
584,1506,ORD01506qvc1el,exposure_boost,19.9,paid,2025-07-02 11:18:51
585,1507,ORD015071bo9ln,matchmaker_1v1,199.0,unpaid,2025-07-19 11:18:51
586,1508,ORD015089bdkab,priority_match,49.0,paid,2025-07-05 11:18:51
587,1512,ORD01512x1mrol,exposure_boost,19.9,paid,2025-08-27 11:18:51
588,1514,ORD01514rnll63,priority_match,49.0,unpaid,2025-06-23 11:18:51
589,1517,ORD015177u8be1,matchmaker_1v1,199.0,refunded,2025-08-22 11:18:51
590,1523,ORD015231kyltf,exposure_boost,19.9,unpaid,2025-07-31 11:18:51
591,1525,ORD01525c3peun,exposure_boost,19.9,paid,2025-07-23 11:18:51
592,1526,ORD01526c8fb4r,exposure_boost,19.9,refunding,2025-07-09 11:18:51
593,1527,ORD01527lwa3st,matchmaker_1v1,199.0,unpaid,2025-06-20 11:18:51
594,1538,ORD01538tu160g,priority_match,49.0,paid,2025-08-30 11:18:51
595,1539,ORD01539hk75ua,priority_match,49.0,paid,2025-06-27 11:18:51
596,1540,ORD01540hgqn1w,priority_match,49.0,refunded,2025-07-02 11:18:51
597,1541,ORD01541fvhha3,priority_match,49.0,paid,2025-07-21 11:18:51
598,1544,ORD01544vshpkw,exposure_boost,19.9,refunding,2025-07-11 11:18:51
599,1547,ORD01547fjo4of,exposure_boost,19.9,refunded,2025-07-23 11:18:51
600,1548,ORD01548oe0tei,exposure_boost,19.9,refunded,2025-08-04 11:18:51
601,1549,ORD015493uwlcv,matchmaker_1v1,199.0,paid,2025-07-12 11:18:51
602,1552,ORD01552s7jtfi,matchmaker_1v1,199.0,refunded,2025-08-06 11:18:51
603,1555,ORD01555y9ezoc,exposure_boost,19.9,refunded,2025-07-18 11:18:51
604,1563,ORD01563txv54o,priority_match,49.0,refunded,2025-06-23 11:18:51
605,1564,ORD01564kqoizt,priority_match,49.0,paid,2025-09-06 11:18:51
606,1566,ORD015664q8dw9,priority_match,49.0,refunded,2025-08-03 11:18:51
607,1567,ORD01567r1pquu,matchmaker_1v1,199.0,unpaid,2025-07-11 11:18:51
608,1568,ORD015689woscw,matchmaker_1v1,199.0,paid,2025-08-05 11:18:51
609,1570,ORD01570vtg3c5,priority_match,49.0,unpaid,2025-06-13 11:18:51
610,1572,ORD01572can5j6,priority_match,49.0,refunded,2025-08-09 11:18:51
611,1573,ORD01573klom7j,matchmaker_1v1,199.0,paid,2025-07-11 11:18:51
612,1576,ORD01576suko6w,priority_match,49.0,refunding,2025-08-17 11:18:51
613,1577,ORD01577ojnkln,matchmaker_1v1,199.0,paid,2025-07-23 11:18:51
614,1582,ORD015823qvnuf,matchmaker_1v1,199.0,paid,2025-08-22 11:18:51
615,1586,ORD01586dhlazo,priority_match,49.0,refunding,2025-07-19 11:18:51
616,1587,ORD01587lxcu8a,priority_match,49.0,unpaid,2025-08-16 11:18:51
617,1588,ORD015887f4emo,exposure_boost,19.9,refunding,2025-06-20 11:18:51
618,1589,ORD01589inw11c,matchmaker_1v1,199.0,refunding,2025-07-24 11:18:51
619,1591,ORD01591t31yi0,matchmaker_1v1,199.0,refunding,2025-08-11 11:18:51
620,1596,ORD0159647tqt8,exposure_boost,19.9,refunded,2025-08-21 11:18:51
621,1597,ORD01597bcvum9,exposure_boost,19.9,refunded,2025-08-08 11:18:51
622,1608,ORD01608o13dzv,priority_match,49.0,paid,2025-06-14 11:18:51
623,1610,ORD01610mopmoj,matchmaker_1v1,199.0,paid,2025-07-05 11:18:51
624,1612,ORD01612imw71t,matchmaker_1v1,199.0,paid,2025-06-30 11:18:51
625,1615,ORD01615rcavds,priority_match,49.0,unpaid,2025-07-25 11:18:51
626,1621,ORD01621hkn12g,exposure_boost,19.9,paid,2025-07-15 11:18:51
627,1622,ORD01622y0sehy,matchmaker_1v1,199.0,paid,2025-08-20 11:18:51
628,1623,ORD01623wdhd1a,priority_match,49.0,refunded,2025-06-19 11:18:51
629,1625,ORD0162501ls83,priority_match,49.0,unpaid,2025-07-29 11:18:51
630,1628,ORD01628aduzik,matchmaker_1v1,199.0,unpaid,2025-07-06 11:18:51
631,1629,ORD01629j4x16i,priority_match,49.0,unpaid,2025-07-25 11:18:51
632,1633,ORD01633t78lud,exposure_boost,19.9,refunded,2025-08-30 11:18:51
633,1634,ORD01634yxjxfe,matchmaker_1v1,199.0,paid,2025-07-06 11:18:51
634,1635,ORD01635lqveku,exposure_boost,19.9,refunding,2025-08-06 11:18:51
635,1637,ORD01637yd3izc,matchmaker_1v1,199.0,paid,2025-08-11 11:18:51
636,1638,ORD01638qpb85b,matchmaker_1v1,199.0,paid,2025-08-20 11:18:51
637,1640,ORD01640b7zbk5,priority_match,49.0,paid,2025-06-18 11:18:51
638,1642,ORD01642i0cgzh,exposure_boost,19.9,refunding,2025-07-09 11:18:51
639,1643,ORD0164386gm45,exposure_boost,19.9,refunded,2025-08-05 11:18:51
640,1647,ORD01647i7mrdt,matchmaker_1v1,199.0,paid,2025-09-01 11:18:51
641,1648,ORD01648r5b5n6,exposure_boost,19.9,refunding,2025-07-04 11:18:51
642,1659,ORD01659q6yq6j,matchmaker_1v1,199.0,paid,2025-06-30 11:18:51
643,1661,ORD01661fg8z5i,matchmaker_1v1,199.0,refunding,2025-06-16 11:18:51
644,1662,ORD016628q7e0i,exposure_boost,19.9,paid,2025-06-18 11:18:51
645,1663,ORD01663hgvaia,exposure_boost,19.9,refunding,2025-07-10 11:18:51
646,1665,ORD0166520g7lt,exposure_boost,19.9,paid,2025-07-22 11:18:51
647,1667,ORD016676ned25,priority_match,49.0,refunding,2025-08-17 11:18:51
648,1669,ORD01669cgcmqc,priority_match,49.0,unpaid,2025-06-30 11:18:51
649,1670,ORD01670shm49x,exposure_boost,19.9,paid,2025-07-23 11:18:51
650,1676,ORD016761q9bjf,priority_match,49.0,refunding,2025-06-28 11:18:51
651,1682,ORD01682g7dxrg,exposure_boost,19.9,refunded,2025-08-12 11:18:51
652,1683,ORD01683gxu498,matchmaker_1v1,199.0,paid,2025-08-22 11:18:51
653,1684,ORD01684r33irj,priority_match,49.0,refunding,2025-06-12 11:18:51
654,1685,ORD01685k7pktn,priority_match,49.0,unpaid,2025-08-08 11:18:51
655,1686,ORD01686kptrw6,matchmaker_1v1,199.0,paid,2025-07-30 11:18:51
656,1687,ORD016871cb8tx,exposure_boost,19.9,paid,2025-07-20 11:18:51
657,1697,ORD01697vfgeq9,exposure_boost,19.9,refunded,2025-07-24 11:18:51
658,1698,ORD016980eyl2t,exposure_boost,19.9,paid,2025-07-27 11:18:51
659,1699,ORD01699n7mj1d,matchmaker_1v1,199.0,unpaid,2025-07-21 11:18:51
660,1703,ORD0170304febd,exposure_boost,19.9,refunded,2025-06-13 11:18:51
661,1706,ORD01706q6c4wm,priority_match,49.0,refunding,2025-08-21 11:18:51
662,1707,ORD01707juljjh,exposure_boost,19.9,refunded,2025-07-01 11:18:51
663,1711,ORD01711e73ql4,priority_match,49.0,refunded,2025-06-20 11:18:51
664,1712,ORD01712spyz18,matchmaker_1v1,199.0,paid,2025-09-04 11:18:51
665,1713,ORD01713hxaqq1,matchmaker_1v1,199.0,paid,2025-07-01 11:18:51
666,1714,ORD01714yvzm9u,exposure_boost,19.9,refunded,2025-09-01 11:18:51
667,1715,ORD01715ffoztg,exposure_boost,19.9,unpaid,2025-07-06 11:18:51
668,1717,ORD017173bohfa,priority_match,49.0,unpaid,2025-06-17 11:18:51
669,1718,ORD01718kveay5,exposure_boost,19.9,paid,2025-08-15 11:18:51
670,1719,ORD0171959lrke,matchmaker_1v1,199.0,paid,2025-07-23 11:18:51
671,1720,ORD017201fvi7i,matchmaker_1v1,199.0,paid,2025-07-24 11:18:51
672,1725,ORD01725nosmzm,matchmaker_1v1,199.0,paid,2025-07-25 11:18:51
673,1726,ORD01726kzpn90,exposure_boost,19.9,refunded,2025-08-03 11:18:51
674,1727,ORD01727w16fbv,priority_match,49.0,paid,2025-08-21 11:18:51
675,1730,ORD01730m79xec,priority_match,49.0,paid,2025-08-27 11:18:51
676,1732,ORD01732co5jdg,matchmaker_1v1,199.0,paid,2025-09-10 11:18:51
677,1735,ORD01735ldx1gz,exposure_boost,19.9,paid,2025-08-12 11:18:51
678,1736,ORD017365iwttv,priority_match,49.0,refunding,2025-09-03 11:18:51
679,1738,ORD01738poe6x2,matchmaker_1v1,199.0,refunded,2025-07-18 11:18:51
680,1740,ORD01740qavbhs,exposure_boost,19.9,refunded,2025-09-08 11:18:51
681,1741,ORD01741czscpx,exposure_boost,19.9,unpaid,2025-07-11 11:18:51
682,1742,ORD01742tdvmqs,matchmaker_1v1,199.0,refunding,2025-07-31 11:18:51
683,1743,ORD01743vgo3a6,priority_match,49.0,paid,2025-07-21 11:18:51
684,1744,ORD017449zfqp3,exposure_boost,19.9,paid,2025-06-18 11:18:51
685,1745,ORD01745zivis2,exposure_boost,19.9,paid,2025-07-30 11:18:51
686,1746,ORD017469yeikt,exposure_boost,19.9,paid,2025-06-21 11:18:51
687,1752,ORD017521umcef,priority_match,49.0,unpaid,2025-07-27 11:18:51
688,1755,ORD017553w8gwo,matchmaker_1v1,199.0,unpaid,2025-06-26 11:18:51
689,1757,ORD01757ac823e,matchmaker_1v1,199.0,paid,2025-08-19 11:18:51
690,1758,ORD01758mhj1ri,priority_match,49.0,paid,2025-07-27 11:18:51
691,1760,ORD01760ghpcmr,matchmaker_1v1,199.0,unpaid,2025-08-24 11:18:51
692,1761,ORD01761lcawlh,matchmaker_1v1,199.0,unpaid,2025-07-12 11:18:51
693,1764,ORD01764xace69,priority_match,49.0,unpaid,2025-08-29 11:18:51
694,1765,ORD01765oe8e69,matchmaker_1v1,199.0,unpaid,2025-07-05 11:18:51
695,1770,ORD01770f3003h,priority_match,49.0,refunded,2025-06-16 11:18:51
696,1772,ORD017726vr24k,exposure_boost,19.9,refunding,2025-08-26 11:18:51
697,1775,ORD01775dvrozl,exposure_boost,19.9,paid,2025-07-20 11:18:51
698,1778,ORD01778kn6fi0,exposure_boost,19.9,unpaid,2025-07-02 11:18:51
699,1779,ORD01779lz99ys,matchmaker_1v1,199.0,paid,2025-07-19 11:18:51
700,1780,ORD01780ed534c,matchmaker_1v1,199.0,unpaid,2025-07-12 11:18:51
701,1783,ORD01783a8f023,priority_match,49.0,refunding,2025-08-29 11:18:51
702,1788,ORD01788mh6wdn,matchmaker_1v1,199.0,refunding,2025-06-24 11:18:51
703,1790,ORD01790occyht,matchmaker_1v1,199.0,refunded,2025-07-14 11:18:51
704,1793,ORD01793ljqg1e,matchmaker_1v1,199.0,unpaid,2025-07-26 11:18:51
705,1794,ORD01794ue5zqr,matchmaker_1v1,199.0,refunding,2025-07-30 11:18:51
706,1795,ORD01795zwjckt,exposure_boost,19.9,paid,2025-06-24 11:18:51
707,1797,ORD01797ztodgp,exposure_boost,19.9,paid,2025-06-17 11:18:51
708,1798,ORD01798m8bc63,matchmaker_1v1,199.0,paid,2025-07-14 11:18:51
709,1800,ORD01800hwc2cl,priority_match,49.0,unpaid,2025-06-25 11:18:51
710,1803,ORD01803bkwss8,priority_match,49.0,paid,2025-07-22 11:18:51
711,1808,ORD01808c2kc0d,priority_match,49.0,refunded,2025-06-15 11:18:51
712,1810,ORD01810czh7xz,exposure_boost,19.9,paid,2025-06-21 11:18:51
713,1812,ORD01812vokyju,priority_match,49.0,refunded,2025-06-26 11:18:51
714,1816,ORD018164xs74e,priority_match,49.0,paid,2025-08-30 11:18:51
715,1822,ORD01822c1px3c,matchmaker_1v1,199.0,unpaid,2025-09-07 11:18:51
716,1823,ORD01823niimni,matchmaker_1v1,199.0,refunded,2025-07-06 11:18:51
717,1824,ORD01824wt3zl5,matchmaker_1v1,199.0,paid,2025-08-23 11:18:51
718,1825,ORD01825e2z522,exposure_boost,19.9,unpaid,2025-06-23 11:18:51
719,1833,ORD0183372e60p,matchmaker_1v1,199.0,unpaid,2025-07-26 11:18:51
720,1837,ORD01837qhm7yw,exposure_boost,19.9,paid,2025-08-19 11:18:51
721,1838,ORD01838cxhnrk,matchmaker_1v1,199.0,refunding,2025-08-30 11:18:51
722,1839,ORD0183994w3qv,priority_match,49.0,refunded,2025-08-01 11:18:51
723,1840,ORD018408uaebg,exposure_boost,19.9,refunded,2025-07-09 11:18:51
724,1842,ORD01842xvuzyf,exposure_boost,19.9,refunded,2025-07-27 11:18:51
725,1844,ORD01844fvunz0,matchmaker_1v1,199.0,paid,2025-08-23 11:18:51
726,1845,ORD01845nuwayg,matchmaker_1v1,199.0,refunded,2025-07-28 11:18:51
727,1849,ORD01849gx7q4x,matchmaker_1v1,199.0,paid,2025-09-01 11:18:51
728,1850,ORD01850owmjku,priority_match,49.0,paid,2025-08-14 11:18:51
729,1851,ORD01851c7fn8a,exposure_boost,19.9,paid,2025-08-31 11:18:51
730,1855,ORD01855akdiaf,exposure_boost,19.9,refunded,2025-08-28 11:18:51
731,1856,ORD01856sbc7fi,matchmaker_1v1,199.0,refunding,2025-07-19 11:18:51
732,1858,ORD01858gvfbmh,priority_match,49.0,refunding,2025-08-04 11:18:51
733,1862,ORD018628t9nv7,priority_match,49.0,paid,2025-06-12 11:18:51
734,1864,ORD01864vg6i3h,priority_match,49.0,refunding,2025-08-30 11:18:51
735,1867,ORD01867eh7n97,matchmaker_1v1,199.0,unpaid,2025-08-12 11:18:51
736,1870,ORD01870lleyi8,exposure_boost,19.9,unpaid,2025-07-15 11:18:51
737,1871,ORD01871j3c72h,matchmaker_1v1,199.0,unpaid,2025-08-26 11:18:51
738,1872,ORD01872rbekb0,matchmaker_1v1,199.0,paid,2025-08-13 11:18:51
739,1873,ORD018731c17s7,priority_match,49.0,refunded,2025-08-02 11:18:51
740,1874,ORD0187470lp4k,exposure_boost,19.9,refunded,2025-06-27 11:18:51
741,1878,ORD018780vs0dw,matchmaker_1v1,199.0,paid,2025-07-24 11:18:51
742,1882,ORD018825vah1l,exposure_boost,19.9,paid,2025-07-16 11:18:51
743,1898,ORD01898cuy5sq,priority_match,49.0,paid,2025-09-10 11:18:51
744,1907,ORD01907n7qz6g,matchmaker_1v1,199.0,refunded,2025-08-29 11:18:51
745,1909,ORD01909vph5p0,exposure_boost,19.9,paid,2025-07-09 11:18:51
746,1911,ORD019110wax86,priority_match,49.0,refunding,2025-08-27 11:18:51
747,1917,ORD01917d72t7i,exposure_boost,19.9,unpaid,2025-08-05 11:18:51
748,1918,ORD0191862o4we,exposure_boost,19.9,refunded,2025-07-12 11:18:51
749,1919,ORD01919v02g33,matchmaker_1v1,199.0,paid,2025-07-18 11:18:51
750,1920,ORD01920mm1c0m,exposure_boost,19.9,unpaid,2025-08-28 11:18:51
751,1922,ORD01922ftwgmx,exposure_boost,19.9,refunded,2025-08-31 11:18:51
752,1924,ORD01924kgqs7l,priority_match,49.0,refunded,2025-08-05 11:18:51
753,1925,ORD01925lngj9g,exposure_boost,19.9,refunding,2025-07-04 11:18:51
754,1926,ORD01926x430vh,exposure_boost,19.9,refunding,2025-09-02 11:18:51
755,1928,ORD019286pttcm,exposure_boost,19.9,unpaid,2025-09-02 11:18:51
756,1929,ORD01929lxrjfm,priority_match,49.0,paid,2025-08-05 11:18:51
757,1934,ORD01934rjmj8x,priority_match,49.0,refunding,2025-08-06 11:18:51
758,1935,ORD019356axqgs,matchmaker_1v1,199.0,paid,2025-07-19 11:18:51
759,1936,ORD01936co64r8,priority_match,49.0,paid,2025-08-26 11:18:51
760,1938,ORD01938v9bnv2,matchmaker_1v1,199.0,refunded,2025-08-08 11:18:51
761,1939,ORD01939ijzn4m,matchmaker_1v1,199.0,paid,2025-07-30 11:18:51
762,1943,ORD01943hqcvnj,matchmaker_1v1,199.0,unpaid,2025-08-26 11:18:51
763,1948,ORD01948xpyv6n,matchmaker_1v1,199.0,refunding,2025-08-09 11:18:51
764,1950,ORD01950u58x8a,matchmaker_1v1,199.0,paid,2025-08-27 11:18:51
765,1952,ORD01952c80d8g,matchmaker_1v1,199.0,paid,2025-06-29 11:18:51
766,1954,ORD019542kpib2,priority_match,49.0,refunding,2025-08-22 11:18:51
767,1958,ORD01958czpc68,priority_match,49.0,unpaid,2025-06-16 11:18:51
768,1964,ORD01964zt4ntw,matchmaker_1v1,199.0,paid,2025-09-04 11:18:51
769,1965,ORD019656u23nl,matchmaker_1v1,199.0,refunded,2025-09-03 11:18:51
770,1966,ORD01966ow80x4,priority_match,49.0,paid,2025-07-15 11:18:51
771,1968,ORD01968h9eya1,exposure_boost,19.9,unpaid,2025-07-01 11:18:51
772,1969,ORD019699oxb49,exposure_boost,19.9,refunded,2025-09-03 11:18:51
773,1973,ORD01973makewp,exposure_boost,19.9,unpaid,2025-08-01 11:18:51
774,1976,ORD019769mn9ge,matchmaker_1v1,199.0,paid,2025-07-12 11:18:51
775,1977,ORD019778de8r3,matchmaker_1v1,199.0,refunding,2025-09-10 11:18:51
776,1979,ORD01979qcmr4d,matchmaker_1v1,199.0,paid,2025-06-18 11:18:51
777,1981,ORD01981akx9g7,priority_match,49.0,paid,2025-06-23 11:18:51
778,1982,ORD019825xzu6h,exposure_boost,19.9,paid,2025-07-19 11:18:51
779,1983,ORD01983um511i,matchmaker_1v1,199.0,paid,2025-08-25 11:18:51
780,1987,ORD01987gzi7dz,priority_match,49.0,paid,2025-06-30 11:18:51
781,1990,ORD01990m5z136,priority_match,49.0,unpaid,2025-09-07 11:18:51
782,1994,ORD01994pr7uas,matchmaker_1v1,199.0,refunded,2025-08-06 11:18:51
783,1997,ORD01997jffgdz,exposure_boost,19.9,unpaid,2025-09-01 11:18:51
784,1999,ORD01999c6issr,priority_match,49.0,refunding,2025-09-09 11:18:51
785,2000,ORD02000wqgc66,priority_match,49.0,unpaid,2025-08-12 11:18:51
