id,user_id,order_no,item_code,amount,pay_status,created_at
1,9,ORD000093ws99h,matchmaker_1v1,199.0,paid,2025-06-18 09:27:13
2,17,ORD0001737oxat,priority_match,49.0,paid,2025-08-23 09:27:13
3,19,ORD0001950ht5i,exposure_boost,19.9,refunding,2025-07-16 09:27:13
4,22,ORD000228lfa0o,priority_match,49.0,unpaid,2025-08-24 09:27:13
5,28,ORD000284258a0,exposure_boost,19.9,unpaid,2025-06-20 09:27:13
6,30,ORD000305w5cuu,exposure_boost,19.9,unpaid,2025-08-03 09:27:13
7,31,ORD00031893i0h,priority_match,49.0,paid,2025-07-12 09:27:13
8,32,ORD00032qproa6,priority_match,49.0,unpaid,2025-07-27 09:27:13
9,34,ORD00034z9u7h2,exposure_boost,19.9,refunded,2025-07-08 09:27:13
10,35,ORD000357qxmdx,matchmaker_1v1,199.0,refunding,2025-08-06 09:27:13
11,36,ORD00036lg0tfl,matchmaker_1v1,199.0,refunded,2025-07-02 09:27:13
12,41,ORD00041xm10c8,priority_match,49.0,paid,2025-06-26 09:27:13
13,45,ORD00045xns5sc,matchmaker_1v1,199.0,paid,2025-08-12 09:27:13
14,46,ORD00046oin46h,exposure_boost,19.9,paid,2025-08-07 09:27:13
15,48,ORD00048el70yv,exposure_boost,19.9,paid,2025-06-28 09:27:13
16,49,ORD00049x29k3i,matchmaker_1v1,199.0,refunding,2025-06-25 09:27:13
17,50,ORD00050cgsgii,exposure_boost,19.9,refunding,2025-08-05 09:27:13
18,53,ORD00053lsqpnh,exposure_boost,19.9,refunded,2025-08-13 09:27:13
19,55,ORD00055kuqhuf,exposure_boost,19.9,refunding,2025-07-09 09:27:13
20,58,ORD00058ge16um,priority_match,49.0,unpaid,2025-08-06 09:27:13
21,60,ORD00060lecrgg,exposure_boost,19.9,paid,2025-08-17 09:27:13
22,62,ORD00062y5abg8,priority_match,49.0,paid,2025-06-16 09:27:13
23,63,ORD000631281dz,exposure_boost,19.9,paid,2025-08-28 09:27:13
24,67,ORD00067t2rbux,priority_match,49.0,paid,2025-08-16 09:27:13
25,68,ORD00068vvohd5,priority_match,49.0,paid,2025-08-08 09:27:13
26,72,ORD00072cve8xw,priority_match,49.0,refunded,2025-06-21 09:27:13
27,75,ORD00075vzs9hy,exposure_boost,19.9,refunded,2025-08-12 09:27:13
28,76,ORD00076yucgy3,exposure_boost,19.9,paid,2025-08-17 09:27:13
29,79,ORD00079j01yhe,exposure_boost,19.9,refunding,2025-08-12 09:27:13
30,84,ORD00084fm2azw,priority_match,49.0,refunded,2025-07-18 09:27:13
31,85,ORD000855mphqv,priority_match,49.0,refunding,2025-08-13 09:27:13
32,89,ORD00089bq9iy8,priority_match,49.0,paid,2025-06-30 09:27:13
33,90,ORD000905pvp2q,exposure_boost,19.9,paid,2025-09-11 09:27:13
34,93,ORD00093utzp9s,exposure_boost,19.9,refunding,2025-09-01 09:27:13
35,98,ORD00098lyuyb9,exposure_boost,19.9,refunded,2025-06-26 09:27:13
36,99,ORD000993efeak,exposure_boost,19.9,unpaid,2025-07-12 09:27:13
37,101,ORD00101kgz3rs,exposure_boost,19.9,paid,2025-06-17 09:27:13
38,102,ORD00102hwq1gn,matchmaker_1v1,199.0,paid,2025-06-26 09:27:13
39,104,ORD00104bm3aqm,exposure_boost,19.9,unpaid,2025-08-10 09:27:13
40,105,ORD00105tcx3t4,exposure_boost,19.9,refunding,2025-07-26 09:27:13
41,106,ORD00106nlsv60,matchmaker_1v1,199.0,unpaid,2025-09-11 09:27:13
42,109,ORD00109sacwpv,matchmaker_1v1,199.0,unpaid,2025-08-25 09:27:13
43,110,ORD00110mixznw,matchmaker_1v1,199.0,unpaid,2025-07-07 09:27:13
44,111,ORD001114kstz1,exposure_boost,19.9,refunded,2025-07-11 09:27:13
45,112,ORD00112gj9uym,matchmaker_1v1,199.0,unpaid,2025-08-08 09:27:13
46,114,ORD00114ojzx4p,priority_match,49.0,unpaid,2025-07-01 09:27:13
47,117,ORD00117rqqu8t,matchmaker_1v1,199.0,refunded,2025-08-10 09:27:13
48,122,ORD0012280tgmf,matchmaker_1v1,199.0,paid,2025-08-25 09:27:13
49,128,ORD00128xc98p5,priority_match,49.0,unpaid,2025-08-22 09:27:13
50,135,ORD00135evlluc,priority_match,49.0,refunding,2025-09-10 09:27:13
51,136,ORD00136g9uuih,priority_match,49.0,paid,2025-09-11 09:27:13
52,140,ORD00140xv0zu8,matchmaker_1v1,199.0,unpaid,2025-06-18 09:27:13
53,141,ORD0014190irnn,exposure_boost,19.9,refunded,2025-09-01 09:27:13
54,142,ORD00142hpznyo,priority_match,49.0,paid,2025-06-19 09:27:13
55,144,ORD00144cqs0wg,matchmaker_1v1,199.0,refunded,2025-08-21 09:27:13
56,145,ORD00145qab85j,exposure_boost,19.9,paid,2025-09-04 09:27:13
57,147,ORD00147zcty4n,priority_match,49.0,refunding,2025-07-17 09:27:13
58,148,ORD00148oo2qmo,matchmaker_1v1,199.0,refunded,2025-06-29 09:27:13
59,149,ORD001492nc27b,exposure_boost,19.9,paid,2025-08-08 09:27:13
60,150,ORD00150zatq4e,matchmaker_1v1,199.0,paid,2025-09-11 09:27:13
61,151,ORD00151tnyym8,exposure_boost,19.9,refunded,2025-07-05 09:27:13
62,152,ORD00152x03763,exposure_boost,19.9,paid,2025-07-25 09:27:13
63,153,ORD00153b49kni,exposure_boost,19.9,paid,2025-07-14 09:27:13
64,163,ORD001636zv07g,priority_match,49.0,refunded,2025-07-22 09:27:13
65,166,ORD00166398lwl,exposure_boost,19.9,paid,2025-08-15 09:27:13
66,169,ORD001692dm5bf,priority_match,49.0,refunding,2025-08-11 09:27:13
67,170,ORD001708w5ser,matchmaker_1v1,199.0,unpaid,2025-08-03 09:27:13
68,174,ORD00174edl8z0,matchmaker_1v1,199.0,paid,2025-07-21 09:27:13
69,180,ORD001809sdn7w,priority_match,49.0,refunded,2025-07-04 09:27:13
70,182,ORD001825c5ok9,exposure_boost,19.9,refunded,2025-06-19 09:27:13
71,185,ORD00185bx1h3h,matchmaker_1v1,199.0,unpaid,2025-06-25 09:27:13
72,189,ORD001893ayie2,exposure_boost,19.9,unpaid,2025-08-23 09:27:13
73,199,ORD00199g2fnus,exposure_boost,19.9,refunded,2025-07-26 09:27:13
74,205,ORD002051866n6,exposure_boost,19.9,paid,2025-07-01 09:27:13
75,208,ORD0020882wf80,priority_match,49.0,paid,2025-08-16 09:27:13
76,210,ORD00210w2n2im,matchmaker_1v1,199.0,paid,2025-08-30 09:27:13
77,212,ORD00212us4vwv,exposure_boost,19.9,unpaid,2025-06-25 09:27:13
78,214,ORD00214kwte09,matchmaker_1v1,199.0,refunded,2025-09-02 09:27:13
79,215,ORD002155o8msx,exposure_boost,19.9,paid,2025-06-29 09:27:13
80,217,ORD00217667akh,priority_match,49.0,paid,2025-07-30 09:27:13
81,219,ORD00219ur0gd9,priority_match,49.0,paid,2025-07-12 09:27:13
82,220,ORD00220yq61my,exposure_boost,19.9,refunding,2025-07-09 09:27:13
83,221,ORD00221u77qqk,matchmaker_1v1,199.0,paid,2025-07-19 09:27:13
84,227,ORD00227dxmc6s,exposure_boost,19.9,refunding,2025-08-11 09:27:13
85,233,ORD00233lf4z2n,priority_match,49.0,refunding,2025-07-03 09:27:13
86,235,ORD00235yh8jyu,priority_match,49.0,paid,2025-07-21 09:27:13
87,236,ORD00236nhq80u,matchmaker_1v1,199.0,unpaid,2025-07-31 09:27:13
88,250,ORD00250u9y625,exposure_boost,19.9,unpaid,2025-08-20 09:27:13
89,251,ORD00251tsfbit,priority_match,49.0,refunding,2025-08-16 09:27:13
90,253,ORD00253ntnjyz,priority_match,49.0,refunding,2025-06-20 09:27:13
91,255,ORD00255l7mk2f,exposure_boost,19.9,refunded,2025-09-04 09:27:13
92,256,ORD00256sz6afc,priority_match,49.0,unpaid,2025-09-05 09:27:13
93,257,ORD00257vo38x1,priority_match,49.0,paid,2025-07-31 09:27:13
94,263,ORD00263xtv0rc,exposure_boost,19.9,unpaid,2025-06-25 09:27:13
95,264,ORD00264ccsnae,priority_match,49.0,refunding,2025-08-05 09:27:13
96,266,ORD00266jysyy0,exposure_boost,19.9,refunded,2025-07-22 09:27:13
97,269,ORD00269cadghb,matchmaker_1v1,199.0,refunded,2025-08-04 09:27:13
98,270,ORD00270qhdcwg,matchmaker_1v1,199.0,paid,2025-09-06 09:27:13
99,276,ORD00276jomxgy,matchmaker_1v1,199.0,refunded,2025-07-15 09:27:13
100,279,ORD002791xc2hk,priority_match,49.0,paid,2025-08-04 09:27:13
101,282,ORD00282qt069n,priority_match,49.0,refunded,2025-06-24 09:27:13
102,285,ORD00285rxtizv,priority_match,49.0,unpaid,2025-07-20 09:27:13
103,287,ORD00287h6tiu7,matchmaker_1v1,199.0,refunding,2025-06-19 09:27:13
104,289,ORD00289z6z6jh,matchmaker_1v1,199.0,paid,2025-08-11 09:27:13
105,291,ORD002919bxi5t,priority_match,49.0,refunded,2025-07-17 09:27:13
106,292,ORD00292e5scku,matchmaker_1v1,199.0,refunding,2025-08-30 09:27:13
107,293,ORD002938p4aa3,matchmaker_1v1,199.0,unpaid,2025-07-13 09:27:13
108,294,ORD002945s8dqv,priority_match,49.0,paid,2025-09-04 09:27:13
109,296,ORD002964r0r3b,priority_match,49.0,refunded,2025-08-07 09:27:13
110,297,ORD00297fz9gi2,matchmaker_1v1,199.0,paid,2025-07-03 09:27:13
111,299,ORD002994qww5b,priority_match,49.0,paid,2025-07-14 09:27:13
112,302,ORD00302i6n2no,matchmaker_1v1,199.0,unpaid,2025-07-04 09:27:13
113,303,ORD0030303cs3k,exposure_boost,19.9,unpaid,2025-06-18 09:27:13
114,304,ORD00304nluycg,exposure_boost,19.9,unpaid,2025-08-27 09:27:13
115,306,ORD00306av035f,priority_match,49.0,paid,2025-07-29 09:27:13
116,307,ORD00307f6k9te,priority_match,49.0,refunded,2025-08-30 09:27:13
117,308,ORD00308ssj346,exposure_boost,19.9,paid,2025-08-01 09:27:13
118,311,ORD00311c42h5u,matchmaker_1v1,199.0,unpaid,2025-08-13 09:27:13
119,313,ORD00313zy54iq,matchmaker_1v1,199.0,paid,2025-09-10 09:27:13
120,315,ORD00315ndxr03,matchmaker_1v1,199.0,refunded,2025-07-23 09:27:13
121,316,ORD00316ez7xu1,exposure_boost,19.9,refunded,2025-09-12 09:27:13
122,325,ORD00325f1t6ap,exposure_boost,19.9,refunded,2025-07-08 09:27:13
123,329,ORD0032909vibu,matchmaker_1v1,199.0,unpaid,2025-07-02 09:27:13
124,334,ORD00334ekexns,exposure_boost,19.9,refunded,2025-08-26 09:27:13
125,335,ORD00335dtbf61,priority_match,49.0,refunded,2025-08-11 09:27:13
126,344,ORD00344boz2gu,matchmaker_1v1,199.0,paid,2025-08-15 09:27:13
127,357,ORD003570o9qqw,matchmaker_1v1,199.0,refunded,2025-08-20 09:27:13
128,361,ORD003617owkbz,exposure_boost,19.9,refunding,2025-07-12 09:27:13
129,365,ORD003658n65ni,matchmaker_1v1,199.0,paid,2025-07-08 09:27:13
130,368,ORD00368aw6tx1,priority_match,49.0,paid,2025-07-22 09:27:13
131,369,ORD003693uf6wb,matchmaker_1v1,199.0,refunded,2025-09-01 09:27:13
132,374,ORD00374eaz0qn,matchmaker_1v1,199.0,refunding,2025-07-30 09:27:13
133,375,ORD0037543zz46,priority_match,49.0,refunding,2025-06-19 09:27:13
134,380,ORD003806m6ljt,matchmaker_1v1,199.0,unpaid,2025-07-26 09:27:13
135,382,ORD00382qwkwkm,priority_match,49.0,paid,2025-09-06 09:27:13
136,386,ORD00386x7j1pk,matchmaker_1v1,199.0,refunded,2025-07-09 09:27:13
137,389,ORD003896k9vs1,exposure_boost,19.9,paid,2025-08-17 09:27:13
138,390,ORD003909cmmwc,matchmaker_1v1,199.0,refunded,2025-07-27 09:27:13
139,396,ORD0039636b76b,exposure_boost,19.9,unpaid,2025-08-16 09:27:13
140,400,ORD00400pvbkzu,matchmaker_1v1,199.0,refunding,2025-07-18 09:27:13
141,402,ORD00402itl792,matchmaker_1v1,199.0,refunded,2025-08-12 09:27:13
142,403,ORD00403mwibhj,exposure_boost,19.9,paid,2025-08-16 09:27:13
143,404,ORD004048sje4f,priority_match,49.0,unpaid,2025-07-06 09:27:13
144,405,ORD004056jket4,priority_match,49.0,refunded,2025-07-04 09:27:13
145,409,ORD0040958b2kf,exposure_boost,19.9,refunded,2025-08-20 09:27:13
146,410,ORD004102w9wib,exposure_boost,19.9,paid,2025-08-08 09:27:13
147,416,ORD00416laid4b,matchmaker_1v1,199.0,refunding,2025-09-02 09:27:13
148,417,ORD00417itiy4a,priority_match,49.0,paid,2025-07-24 09:27:13
149,419,ORD00419n9zaly,priority_match,49.0,paid,2025-08-29 09:27:13
150,420,ORD004205bkr4e,priority_match,49.0,paid,2025-06-21 09:27:13
151,423,ORD00423ojiw5y,matchmaker_1v1,199.0,paid,2025-09-13 09:27:13
152,425,ORD00425w7fy8w,exposure_boost,19.9,refunding,2025-08-04 09:27:13
153,428,ORD004285xz9kx,matchmaker_1v1,199.0,unpaid,2025-09-12 09:27:13
154,432,ORD00432lrnqn5,matchmaker_1v1,199.0,refunding,2025-08-09 09:27:13
155,435,ORD00435vu550k,matchmaker_1v1,199.0,refunded,2025-08-23 09:27:13
156,439,ORD00439h6pyvg,matchmaker_1v1,199.0,unpaid,2025-09-13 09:27:13
157,440,ORD00440och8di,matchmaker_1v1,199.0,refunded,2025-07-28 09:27:13
158,442,ORD00442l2rhm3,matchmaker_1v1,199.0,paid,2025-06-21 09:27:13
159,457,ORD0045778py60,matchmaker_1v1,199.0,refunded,2025-09-08 09:27:13
160,459,ORD00459pjgxy2,matchmaker_1v1,199.0,refunding,2025-08-20 09:27:13
161,461,ORD00461d9rtb2,matchmaker_1v1,199.0,refunding,2025-08-24 09:27:13
162,466,ORD00466eehr2d,matchmaker_1v1,199.0,refunded,2025-08-27 09:27:13
163,470,ORD004702cra9r,matchmaker_1v1,199.0,unpaid,2025-08-20 09:27:13
164,476,ORD004762ggp2b,matchmaker_1v1,199.0,refunded,2025-07-23 09:27:13
165,479,ORD00479q334s3,priority_match,49.0,unpaid,2025-07-06 09:27:13
166,483,ORD00483nuq1bb,matchmaker_1v1,199.0,refunding,2025-07-08 09:27:13
167,485,ORD00485v1bkjv,exposure_boost,19.9,paid,2025-09-11 09:27:13
168,489,ORD00489yi2174,priority_match,49.0,paid,2025-08-28 09:27:13
169,490,ORD00490kw6rk6,priority_match,49.0,refunded,2025-07-28 09:27:13
170,492,ORD00492z39alh,priority_match,49.0,paid,2025-09-11 09:27:13
171,493,ORD004938ie0ag,priority_match,49.0,refunding,2025-09-07 09:27:13
172,495,ORD004957wf219,priority_match,49.0,paid,2025-08-09 09:27:13
173,496,ORD00496hdorr9,matchmaker_1v1,199.0,refunding,2025-08-04 09:27:13
174,497,ORD004974hb7vl,matchmaker_1v1,199.0,unpaid,2025-08-01 09:27:13
175,500,ORD005001e58jq,priority_match,49.0,refunding,2025-08-14 09:27:13
176,507,ORD00507uyzgje,matchmaker_1v1,199.0,paid,2025-08-14 09:27:13
177,508,ORD0050801opjw,exposure_boost,19.9,unpaid,2025-09-13 09:27:13
178,509,ORD00509d5i351,priority_match,49.0,refunding,2025-08-26 09:27:13
179,511,ORD00511bdrnc5,matchmaker_1v1,199.0,unpaid,2025-07-17 09:27:13
180,512,ORD0051286kmtx,exposure_boost,19.9,paid,2025-08-29 09:27:13
181,513,ORD005138ovlgy,exposure_boost,19.9,paid,2025-08-22 09:27:13
182,514,ORD00514gcqxcs,priority_match,49.0,paid,2025-07-21 09:27:13
183,526,ORD005264ctyaz,matchmaker_1v1,199.0,refunded,2025-06-17 09:27:13
184,527,ORD0052708o8tm,exposure_boost,19.9,unpaid,2025-07-29 09:27:13
185,529,ORD00529sljek2,exposure_boost,19.9,refunding,2025-07-13 09:27:13
186,530,ORD00530v76sbg,exposure_boost,19.9,refunding,2025-08-02 09:27:13
187,533,ORD00533ehbclk,matchmaker_1v1,199.0,refunding,2025-07-24 09:27:13
188,538,ORD00538kavo8r,matchmaker_1v1,199.0,refunded,2025-07-29 09:27:13
189,539,ORD00539vwutof,exposure_boost,19.9,refunded,2025-06-20 09:27:13
190,540,ORD00540kwiyl1,exposure_boost,19.9,paid,2025-07-28 09:27:13
191,543,ORD0054357kmqf,priority_match,49.0,paid,2025-07-05 09:27:13
192,547,ORD00547ur7s0y,priority_match,49.0,refunding,2025-08-22 09:27:13
193,548,ORD00548kjh2qc,priority_match,49.0,refunding,2025-08-05 09:27:13
194,553,ORD00553aop4jr,priority_match,49.0,refunding,2025-07-08 09:27:13
195,555,ORD0055543tzte,priority_match,49.0,paid,2025-08-29 09:27:13
196,557,ORD00557jujhvd,exposure_boost,19.9,paid,2025-08-15 09:27:13
197,558,ORD00558s6egn1,priority_match,49.0,paid,2025-06-22 09:27:13
198,559,ORD005599wyzlq,exposure_boost,19.9,paid,2025-09-01 09:27:13
199,562,ORD00562m62idg,matchmaker_1v1,199.0,unpaid,2025-09-08 09:27:13
200,563,ORD00563l22f8j,priority_match,49.0,refunding,2025-09-03 09:27:13
201,564,ORD00564pk8k9m,priority_match,49.0,unpaid,2025-07-21 09:27:13
202,566,ORD00566l8xkm7,priority_match,49.0,paid,2025-09-09 09:27:13
203,567,ORD00567wdkkfy,exposure_boost,19.9,refunding,2025-07-01 09:27:13
204,569,ORD00569cq32fu,matchmaker_1v1,199.0,refunded,2025-07-10 09:27:13
205,572,ORD00572ki9xxy,priority_match,49.0,refunded,2025-08-11 09:27:13
206,573,ORD00573gk4vnn,exposure_boost,19.9,refunded,2025-07-23 09:27:13
207,574,ORD005746jd9yr,matchmaker_1v1,199.0,refunding,2025-09-13 09:27:13
208,576,ORD005761gc56k,priority_match,49.0,paid,2025-06-16 09:27:13
209,577,ORD00577nxlw8t,priority_match,49.0,paid,2025-07-20 09:27:13
210,578,ORD00578sjq71x,exposure_boost,19.9,unpaid,2025-08-04 09:27:13
211,580,ORD00580v8k9eb,matchmaker_1v1,199.0,refunded,2025-07-21 09:27:13
212,581,ORD0058159g11x,exposure_boost,19.9,paid,2025-08-27 09:27:13
213,589,ORD00589qel1ib,priority_match,49.0,paid,2025-06-30 09:27:13
214,591,ORD005913eu3me,matchmaker_1v1,199.0,paid,2025-06-26 09:27:13
215,594,ORD005946uqhde,matchmaker_1v1,199.0,unpaid,2025-07-31 09:27:13
216,596,ORD00596kim65n,matchmaker_1v1,199.0,paid,2025-09-02 09:27:13
217,597,ORD00597ldrp7j,exposure_boost,19.9,paid,2025-08-31 09:27:13
218,598,ORD00598hs2hgf,matchmaker_1v1,199.0,refunded,2025-07-27 09:27:13
219,599,ORD00599c0sll9,priority_match,49.0,paid,2025-08-21 09:27:13
220,600,ORD00600uvbljs,exposure_boost,19.9,unpaid,2025-07-18 09:27:13
221,602,ORD00602y7hflk,matchmaker_1v1,199.0,paid,2025-08-05 09:27:13
222,603,ORD00603nwdz4r,priority_match,49.0,paid,2025-06-20 09:27:13
223,608,ORD006083p9ftr,exposure_boost,19.9,refunded,2025-08-25 09:27:13
224,610,ORD00610c93tpq,matchmaker_1v1,199.0,unpaid,2025-07-22 09:27:13
225,611,ORD00611lrcox2,matchmaker_1v1,199.0,paid,2025-07-27 09:27:13
226,612,ORD0061270vftk,priority_match,49.0,refunded,2025-08-11 09:27:13
227,613,ORD00613ebbvqo,priority_match,49.0,paid,2025-08-27 09:27:13
228,614,ORD0061421lggc,matchmaker_1v1,199.0,paid,2025-07-26 09:27:13
229,615,ORD006153jxkey,priority_match,49.0,refunding,2025-08-09 09:27:13
230,617,ORD00617hy3q04,matchmaker_1v1,199.0,refunded,2025-09-14 09:27:13
231,621,ORD00621cd60yj,priority_match,49.0,paid,2025-07-06 09:27:13
232,622,ORD00622x9iczt,matchmaker_1v1,199.0,refunded,2025-08-08 09:27:13
233,627,ORD006271lcke4,priority_match,49.0,refunding,2025-08-26 09:27:13
234,628,ORD006287by3my,matchmaker_1v1,199.0,paid,2025-08-18 09:27:13
235,630,ORD0063016osoj,exposure_boost,19.9,unpaid,2025-07-10 09:27:13
236,631,ORD00631cl1yvk,exposure_boost,19.9,refunding,2025-08-07 09:27:13
237,632,ORD00632ticcs5,priority_match,49.0,refunding,2025-08-09 09:27:13
238,633,ORD006333byvgz,matchmaker_1v1,199.0,unpaid,2025-08-25 09:27:13
239,635,ORD00635ygfzb7,exposure_boost,19.9,refunded,2025-08-05 09:27:13
240,638,ORD00638c2xaqo,priority_match,49.0,refunding,2025-07-18 09:27:13
241,639,ORD00639ib9o5c,exposure_boost,19.9,paid,2025-09-09 09:27:13
242,641,ORD00641s19zb1,matchmaker_1v1,199.0,paid,2025-08-03 09:27:13
243,642,ORD00642of93zb,priority_match,49.0,paid,2025-07-07 09:27:13
244,644,ORD00644dk3qxj,priority_match,49.0,unpaid,2025-07-14 09:27:13
245,646,ORD00646bypwla,exposure_boost,19.9,paid,2025-08-30 09:27:13
246,648,ORD00648ffthoa,priority_match,49.0,refunded,2025-06-17 09:27:13
247,650,ORD006509nxrfp,exposure_boost,19.9,refunding,2025-06-26 09:27:13
248,656,ORD00656gd064u,matchmaker_1v1,199.0,refunding,2025-08-15 09:27:13
249,657,ORD006575suctl,matchmaker_1v1,199.0,paid,2025-06-19 09:27:13
250,658,ORD00658xf6q27,priority_match,49.0,paid,2025-06-19 09:27:13
251,661,ORD0066184j40o,priority_match,49.0,unpaid,2025-08-21 09:27:13
252,662,ORD00662qygri3,exposure_boost,19.9,refunding,2025-09-05 09:27:13
253,669,ORD006699z3fbg,matchmaker_1v1,199.0,paid,2025-08-03 09:27:13
254,671,ORD00671ofjoyz,exposure_boost,19.9,unpaid,2025-07-17 09:27:13
255,673,ORD0067363w8s3,matchmaker_1v1,199.0,unpaid,2025-09-06 09:27:13
256,674,ORD00674s6lyri,priority_match,49.0,paid,2025-06-25 09:27:13
257,675,ORD0067590vfvc,exposure_boost,19.9,paid,2025-08-23 09:27:13
258,676,ORD006764hi3f2,exposure_boost,19.9,refunding,2025-07-18 09:27:13
259,680,ORD00680hrxtde,matchmaker_1v1,199.0,refunding,2025-08-31 09:27:13
260,687,ORD00687c8899o,priority_match,49.0,paid,2025-09-01 09:27:13
261,689,ORD00689pjj7yw,matchmaker_1v1,199.0,refunded,2025-07-22 09:27:13
262,690,ORD006908bmnhm,priority_match,49.0,paid,2025-06-30 09:27:13
263,691,ORD00691wubsj9,matchmaker_1v1,199.0,unpaid,2025-06-20 09:27:13
264,693,ORD00693x5a1a8,exposure_boost,19.9,paid,2025-09-01 09:27:13
265,695,ORD0069547olt0,exposure_boost,19.9,refunded,2025-07-04 09:27:13
266,703,ORD00703vabrff,exposure_boost,19.9,paid,2025-06-27 09:27:13
267,706,ORD00706560sg0,priority_match,49.0,refunded,2025-08-25 09:27:13
268,707,ORD00707vhwd8h,priority_match,49.0,paid,2025-08-02 09:27:13
269,708,ORD007081uv5yj,priority_match,49.0,paid,2025-09-09 09:27:13
270,711,ORD007110lqaz0,exposure_boost,19.9,refunded,2025-08-26 09:27:13
271,713,ORD00713kaeff7,priority_match,49.0,unpaid,2025-06-18 09:27:13
272,714,ORD00714x0igla,priority_match,49.0,paid,2025-07-14 09:27:13
273,715,ORD00715hu7pwm,priority_match,49.0,paid,2025-08-07 09:27:13
274,718,ORD00718onnosk,exposure_boost,19.9,refunded,2025-07-16 09:27:13
275,719,ORD00719vw02xf,priority_match,49.0,unpaid,2025-06-25 09:27:13
276,720,ORD007202mzkcv,exposure_boost,19.9,paid,2025-07-15 09:27:13
277,721,ORD00721fgk0k7,matchmaker_1v1,199.0,unpaid,2025-06-29 09:27:13
278,724,ORD00724hk9tun,priority_match,49.0,paid,2025-07-19 09:27:13
279,725,ORD007256oam7a,priority_match,49.0,refunded,2025-07-06 09:27:13
280,731,ORD00731z6693j,exposure_boost,19.9,paid,2025-06-29 09:27:13
281,732,ORD00732yi1lni,priority_match,49.0,unpaid,2025-06-17 09:27:13
282,735,ORD00735uwfcbb,exposure_boost,19.9,refunding,2025-08-27 09:27:13
283,736,ORD00736j85l3c,matchmaker_1v1,199.0,unpaid,2025-08-11 09:27:13
284,741,ORD00741tmc0sv,exposure_boost,19.9,paid,2025-08-13 09:27:13
285,743,ORD007430fcmal,exposure_boost,19.9,refunding,2025-07-28 09:27:13
286,745,ORD007453zxw5e,matchmaker_1v1,199.0,paid,2025-08-15 09:27:13
287,746,ORD0074610l5f8,matchmaker_1v1,199.0,paid,2025-06-18 09:27:13
288,748,ORD00748sfnfho,exposure_boost,19.9,refunding,2025-07-31 09:27:13
289,752,ORD00752rifyj8,priority_match,49.0,refunding,2025-07-25 09:27:13
290,754,ORD00754cv3e48,matchmaker_1v1,199.0,paid,2025-07-04 09:27:13
291,755,ORD007552uu73p,matchmaker_1v1,199.0,unpaid,2025-07-08 09:27:13
292,758,ORD00758s2w3eu,matchmaker_1v1,199.0,refunding,2025-08-08 09:27:13
293,759,ORD00759l7r5ii,priority_match,49.0,refunding,2025-08-14 09:27:13
294,763,ORD00763ac4qyo,exposure_boost,19.9,unpaid,2025-08-08 09:27:13
295,770,ORD007702un9v6,matchmaker_1v1,199.0,paid,2025-06-19 09:27:13
296,773,ORD007730udfte,priority_match,49.0,paid,2025-07-15 09:27:13
297,776,ORD00776zub0kn,matchmaker_1v1,199.0,refunding,2025-07-26 09:27:13
298,777,ORD00777wjfc15,priority_match,49.0,paid,2025-07-04 09:27:13
299,778,ORD007786ja6x8,exposure_boost,19.9,unpaid,2025-08-30 09:27:13
300,785,ORD00785t15stw,matchmaker_1v1,199.0,refunded,2025-06-21 09:27:13
301,788,ORD00788d7kpbo,matchmaker_1v1,199.0,refunded,2025-09-13 09:27:13
302,790,ORD00790h0zjxh,exposure_boost,19.9,refunded,2025-07-17 09:27:13
303,799,ORD00799ovnjxx,exposure_boost,19.9,refunded,2025-06-24 09:27:13
304,803,ORD00803vd7uma,matchmaker_1v1,199.0,refunding,2025-07-28 09:27:13
305,804,ORD00804aomtf0,matchmaker_1v1,199.0,refunding,2025-07-29 09:27:13
306,806,ORD008064ddrpl,priority_match,49.0,unpaid,2025-06-16 09:27:13
307,808,ORD008084viyse,matchmaker_1v1,199.0,unpaid,2025-08-13 09:27:13
308,809,ORD00809v77rmv,matchmaker_1v1,199.0,paid,2025-08-10 09:27:13
309,810,ORD00810juu3cw,exposure_boost,19.9,paid,2025-09-03 09:27:13
310,811,ORD00811164xig,exposure_boost,19.9,paid,2025-07-02 09:27:13
311,813,ORD0081370w0px,matchmaker_1v1,199.0,paid,2025-06-26 09:27:13
312,816,ORD008165uavxr,exposure_boost,19.9,paid,2025-07-11 09:27:13
313,819,ORD00819tstxzw,matchmaker_1v1,199.0,refunded,2025-08-10 09:27:13
314,820,ORD00820290ky4,matchmaker_1v1,199.0,unpaid,2025-09-14 09:27:13
315,821,ORD00821qi3emq,priority_match,49.0,paid,2025-09-11 09:27:13
316,824,ORD008244y29i5,exposure_boost,19.9,paid,2025-08-07 09:27:13
317,825,ORD00825gaxfpp,priority_match,49.0,refunded,2025-07-23 09:27:13
318,828,ORD00828c8hzmp,exposure_boost,19.9,paid,2025-07-26 09:27:13
319,829,ORD0082906rjqx,matchmaker_1v1,199.0,refunding,2025-07-18 09:27:13
320,830,ORD00830yq4s37,priority_match,49.0,unpaid,2025-07-10 09:27:13
321,831,ORD008314e5kfa,priority_match,49.0,refunding,2025-07-20 09:27:13
322,834,ORD00834eoziu8,matchmaker_1v1,199.0,paid,2025-08-25 09:27:13
323,837,ORD00837fyeqe8,priority_match,49.0,paid,2025-09-09 09:27:13
324,838,ORD00838lcyifz,priority_match,49.0,refunding,2025-06-27 09:27:13
325,845,ORD00845vkzitw,priority_match,49.0,refunding,2025-09-13 09:27:13
326,846,ORD00846piu8h1,exposure_boost,19.9,paid,2025-07-03 09:27:13
327,848,ORD00848mphidg,matchmaker_1v1,199.0,paid,2025-06-24 09:27:13
328,852,ORD008528bm7h8,priority_match,49.0,refunded,2025-07-20 09:27:13
329,854,ORD0085495fusy,priority_match,49.0,refunded,2025-07-27 09:27:13
330,856,ORD00856icl5gq,priority_match,49.0,refunding,2025-07-20 09:27:13
331,857,ORD008579yovbc,exposure_boost,19.9,paid,2025-09-01 09:27:13
332,860,ORD00860ifyzq7,exposure_boost,19.9,paid,2025-08-03 09:27:13
333,867,ORD00867zwru4z,priority_match,49.0,refunded,2025-08-01 09:27:13
334,868,ORD008685qejca,matchmaker_1v1,199.0,paid,2025-08-31 09:27:13
335,870,ORD008701ya2nr,priority_match,49.0,refunding,2025-09-11 09:27:13
336,873,ORD00873psmg7i,priority_match,49.0,paid,2025-06-21 09:27:13
337,874,ORD00874quu635,matchmaker_1v1,199.0,unpaid,2025-07-27 09:27:13
338,876,ORD00876jx408i,priority_match,49.0,refunding,2025-08-09 09:27:13
339,879,ORD00879hyk23v,priority_match,49.0,paid,2025-07-12 09:27:13
340,881,ORD008815pjg1g,matchmaker_1v1,199.0,refunding,2025-07-22 09:27:13
341,883,ORD00883cag2l7,exposure_boost,19.9,refunded,2025-07-23 09:27:13
342,884,ORD00884yq6yc7,exposure_boost,19.9,paid,2025-08-01 09:27:13
343,885,ORD00885kmyywd,exposure_boost,19.9,paid,2025-07-21 09:27:13
344,886,ORD00886gpnvg9,matchmaker_1v1,199.0,refunding,2025-06-26 09:27:13
345,887,ORD00887duy8tv,exposure_boost,19.9,refunding,2025-07-19 09:27:13
346,888,ORD00888j14lkf,matchmaker_1v1,199.0,refunding,2025-07-07 09:27:13
347,893,ORD00893ihslff,matchmaker_1v1,199.0,refunding,2025-07-20 09:27:13
348,894,ORD00894c836xu,priority_match,49.0,paid,2025-08-09 09:27:13
349,898,ORD00898jzmrhp,exposure_boost,19.9,unpaid,2025-08-03 09:27:13
350,900,ORD00900xav4jo,priority_match,49.0,paid,2025-07-18 09:27:13
351,909,ORD009099uvws7,matchmaker_1v1,199.0,paid,2025-09-06 09:27:13
352,910,ORD0091070ubr9,matchmaker_1v1,199.0,paid,2025-08-24 09:27:13
353,919,ORD009198fo7rh,priority_match,49.0,refunded,2025-07-30 09:27:13
354,921,ORD00921t7tr17,matchmaker_1v1,199.0,unpaid,2025-07-31 09:27:13
355,923,ORD00923y55jxl,matchmaker_1v1,199.0,paid,2025-09-03 09:27:13
356,929,ORD00929xb5jk6,matchmaker_1v1,199.0,refunding,2025-07-29 09:27:13
357,932,ORD009322ivhsv,matchmaker_1v1,199.0,paid,2025-09-01 09:27:13
358,934,ORD00934huo0eg,exposure_boost,19.9,paid,2025-08-21 09:27:13
359,939,ORD00939u29p0o,priority_match,49.0,paid,2025-08-30 09:27:13
360,940,ORD00940ugsqhc,exposure_boost,19.9,refunded,2025-06-29 09:27:13
361,941,ORD00941ij4xiz,exposure_boost,19.9,unpaid,2025-08-04 09:27:13
362,943,ORD009433m2nf0,priority_match,49.0,refunded,2025-07-21 09:27:13
363,945,ORD00945dbevnr,matchmaker_1v1,199.0,unpaid,2025-07-31 09:27:13
364,948,ORD00948srq5q6,priority_match,49.0,paid,2025-08-04 09:27:13
365,949,ORD00949nsliu0,priority_match,49.0,paid,2025-08-09 09:27:13
366,950,ORD00950rfcyze,priority_match,49.0,paid,2025-07-18 09:27:13
367,951,ORD00951spqb95,priority_match,49.0,unpaid,2025-08-27 09:27:13
368,956,ORD00956qrav2g,matchmaker_1v1,199.0,paid,2025-07-03 09:27:13
369,959,ORD00959l4vwrn,priority_match,49.0,paid,2025-09-04 09:27:13
370,963,ORD009632ic3vo,exposure_boost,19.9,paid,2025-09-11 09:27:13
371,967,ORD009679bhrlt,exposure_boost,19.9,paid,2025-07-17 09:27:13
372,968,ORD009687dhmfg,matchmaker_1v1,199.0,paid,2025-08-08 09:27:13
373,972,ORD00972vwf8mb,exposure_boost,19.9,paid,2025-07-26 09:27:13
374,973,ORD00973fueaco,exposure_boost,19.9,paid,2025-08-12 09:27:13
375,974,ORD009748779wu,priority_match,49.0,paid,2025-07-05 09:27:13
376,975,ORD00975noqipw,exposure_boost,19.9,paid,2025-09-14 09:27:13
377,978,ORD00978tr9779,matchmaker_1v1,199.0,refunding,2025-07-20 09:27:13
378,979,ORD00979snzdt9,priority_match,49.0,paid,2025-08-12 09:27:13
379,982,ORD00982dbr2c4,exposure_boost,19.9,refunding,2025-08-24 09:27:13
380,983,ORD00983zrv9qt,priority_match,49.0,refunding,2025-07-06 09:27:13
381,992,ORD009922tdfiq,matchmaker_1v1,199.0,refunding,2025-06-19 09:27:13
382,994,ORD00994sumd58,priority_match,49.0,refunded,2025-09-06 09:27:13
383,999,ORD00999o0uxoc,priority_match,49.0,unpaid,2025-06-27 09:27:13
384,1002,ORD01002pn6t9e,priority_match,49.0,paid,2025-06-18 09:27:13
385,1004,ORD010043azsf6,matchmaker_1v1,199.0,refunded,2025-08-04 09:27:13
386,1006,ORD01006r92j5r,priority_match,49.0,unpaid,2025-07-15 09:27:13
387,1007,ORD01007pmwaz7,matchmaker_1v1,199.0,paid,2025-06-24 09:27:13
388,1013,ORD01013zuzr9h,matchmaker_1v1,199.0,paid,2025-08-14 09:27:13
389,1018,ORD01018m8ftrw,exposure_boost,19.9,unpaid,2025-07-26 09:27:13
390,1022,ORD0102235jf59,exposure_boost,19.9,paid,2025-09-10 09:27:13
391,1023,ORD0102382a1yi,exposure_boost,19.9,unpaid,2025-06-22 09:27:13
392,1025,ORD01025k7j6wn,priority_match,49.0,refunded,2025-07-21 09:27:13
393,1029,ORD01029wakl1v,exposure_boost,19.9,refunded,2025-09-09 09:27:13
394,1030,ORD01030sehoqz,exposure_boost,19.9,refunded,2025-07-16 09:27:13
395,1036,ORD01036jm4p9b,priority_match,49.0,refunded,2025-06-27 09:27:13
396,1039,ORD01039up5bvf,exposure_boost,19.9,paid,2025-07-21 09:27:13
397,1040,ORD01040o16lff,priority_match,49.0,unpaid,2025-07-26 09:27:13
398,1042,ORD010425b501k,exposure_boost,19.9,unpaid,2025-06-28 09:27:13
399,1043,ORD01043j75q0n,priority_match,49.0,paid,2025-08-17 09:27:13
400,1044,ORD01044dbdptk,exposure_boost,19.9,paid,2025-09-04 09:27:13
401,1045,ORD01045ps86x5,priority_match,49.0,refunding,2025-06-30 09:27:13
402,1047,ORD010479v0cw8,exposure_boost,19.9,refunded,2025-08-19 09:27:13
403,1048,ORD010483y0ymn,exposure_boost,19.9,refunding,2025-06-23 09:27:13
404,1049,ORD01049wvbvj6,priority_match,49.0,paid,2025-08-13 09:27:13
405,1050,ORD010500h3lq1,priority_match,49.0,paid,2025-06-23 09:27:13
406,1051,ORD01051amkcej,matchmaker_1v1,199.0,paid,2025-08-26 09:27:13
407,1058,ORD01058frtii2,priority_match,49.0,unpaid,2025-06-18 09:27:13
408,1059,ORD01059xf1ktk,priority_match,49.0,refunding,2025-06-19 09:27:13
409,1061,ORD01061u0n938,priority_match,49.0,refunded,2025-07-05 09:27:13
410,1063,ORD01063nfy1s2,priority_match,49.0,paid,2025-06-28 09:27:13
411,1064,ORD0106479yl12,exposure_boost,19.9,refunding,2025-08-01 09:27:13
412,1065,ORD01065wyr4n0,exposure_boost,19.9,refunding,2025-08-29 09:27:13
413,1067,ORD010670z6qge,matchmaker_1v1,199.0,paid,2025-07-21 09:27:13
414,1068,ORD010684cyma4,exposure_boost,19.9,refunding,2025-07-21 09:27:13
415,1070,ORD01070dw9f92,priority_match,49.0,refunded,2025-08-08 09:27:13
416,1071,ORD01071redq4h,matchmaker_1v1,199.0,paid,2025-06-20 09:27:13
417,1073,ORD01073szt1r8,matchmaker_1v1,199.0,paid,2025-07-21 09:27:13
418,1077,ORD010770bpt3e,matchmaker_1v1,199.0,paid,2025-08-26 09:27:13
419,1079,ORD01079jt57y8,exposure_boost,19.9,paid,2025-07-05 09:27:13
420,1084,ORD01084ongz2p,priority_match,49.0,refunded,2025-09-02 09:27:13
421,1089,ORD01089pqhmx5,priority_match,49.0,refunded,2025-09-06 09:27:13
422,1096,ORD01096asrw7s,priority_match,49.0,paid,2025-07-12 09:27:13
423,1097,ORD010970pr82n,priority_match,49.0,refunding,2025-09-02 09:27:13
424,1099,ORD01099oddrx1,matchmaker_1v1,199.0,refunded,2025-08-15 09:27:13
425,1104,ORD011040xw0rq,exposure_boost,19.9,paid,2025-07-31 09:27:13
426,1107,ORD0110755kyxn,matchmaker_1v1,199.0,paid,2025-09-03 09:27:13
427,1110,ORD01110tak99c,priority_match,49.0,unpaid,2025-09-14 09:27:13
428,1111,ORD01111p693po,priority_match,49.0,paid,2025-09-04 09:27:13
429,1112,ORD011123u8l7e,priority_match,49.0,unpaid,2025-09-05 09:27:13
430,1114,ORD01114s3b6fm,priority_match,49.0,paid,2025-08-02 09:27:13
431,1117,ORD01117plmao6,priority_match,49.0,refunding,2025-06-27 09:27:13
432,1118,ORD0111811ohju,matchmaker_1v1,199.0,refunded,2025-09-10 09:27:13
433,1124,ORD01124hirb9s,priority_match,49.0,paid,2025-07-17 09:27:13
434,1125,ORD01125k72xxz,exposure_boost,19.9,unpaid,2025-07-02 09:27:13
435,1126,ORD01126kofuzt,priority_match,49.0,paid,2025-07-22 09:27:13
436,1127,ORD01127tnkupb,matchmaker_1v1,199.0,refunded,2025-08-09 09:27:13
437,1128,ORD011281j9o6w,priority_match,49.0,paid,2025-06-25 09:27:13
438,1130,ORD01130wdrx2e,exposure_boost,19.9,refunding,2025-08-01 09:27:13
439,1134,ORD01134wk6vk0,matchmaker_1v1,199.0,paid,2025-07-15 09:27:13
440,1137,ORD01137yi7y93,exposure_boost,19.9,paid,2025-08-07 09:27:13
441,1139,ORD01139ozs9mk,priority_match,49.0,refunded,2025-06-24 09:27:13
442,1140,ORD01140zgcr0w,priority_match,49.0,refunded,2025-07-19 09:27:13
443,1142,ORD0114240i15b,priority_match,49.0,paid,2025-07-26 09:27:13
444,1146,ORD01146vbhk30,matchmaker_1v1,199.0,refunding,2025-09-13 09:27:13
445,1148,ORD01148aoohhe,exposure_boost,19.9,refunding,2025-06-28 09:27:13
446,1151,ORD0115195fufc,exposure_boost,19.9,refunding,2025-07-12 09:27:13
447,1152,ORD01152jzx2zr,exposure_boost,19.9,refunded,2025-06-20 09:27:13
448,1155,ORD011555rw0ta,priority_match,49.0,refunded,2025-07-22 09:27:13
449,1157,ORD011578vj3uz,priority_match,49.0,refunding,2025-07-30 09:27:13
450,1159,ORD01159v8wfxh,matchmaker_1v1,199.0,refunding,2025-06-30 09:27:13
451,1161,ORD01161mazluj,exposure_boost,19.9,paid,2025-09-06 09:27:13
452,1163,ORD01163f68bu6,exposure_boost,19.9,unpaid,2025-06-16 09:27:13
453,1165,ORD01165kxoboz,priority_match,49.0,paid,2025-08-10 09:27:13
454,1166,ORD01166znrqld,exposure_boost,19.9,refunded,2025-08-12 09:27:13
455,1171,ORD01171mm5gt8,matchmaker_1v1,199.0,refunded,2025-08-22 09:27:13
456,1175,ORD01175huj4j2,matchmaker_1v1,199.0,paid,2025-06-17 09:27:13
457,1177,ORD01177jblgfh,priority_match,49.0,refunded,2025-08-21 09:27:13
458,1178,ORD011782rj5eh,matchmaker_1v1,199.0,refunded,2025-08-16 09:27:13
459,1179,ORD01179rtlowr,matchmaker_1v1,199.0,refunding,2025-07-14 09:27:13
460,1182,ORD01182xaehpf,matchmaker_1v1,199.0,refunding,2025-08-08 09:27:13
461,1185,ORD01185k1kpje,matchmaker_1v1,199.0,paid,2025-08-18 09:27:13
462,1186,ORD01186zvuvkr,priority_match,49.0,refunded,2025-07-03 09:27:13
463,1188,ORD01188q5z670,matchmaker_1v1,199.0,unpaid,2025-09-10 09:27:13
464,1190,ORD01190wt73sy,priority_match,49.0,refunded,2025-07-02 09:27:13
465,1191,ORD01191bljp2t,exposure_boost,19.9,paid,2025-06-16 09:27:13
466,1193,ORD01193fs8pad,priority_match,49.0,refunding,2025-08-19 09:27:13
467,1195,ORD01195frxztg,exposure_boost,19.9,refunded,2025-07-25 09:27:13
468,1198,ORD01198dyqpfr,matchmaker_1v1,199.0,refunded,2025-06-20 09:27:13
469,1201,ORD01201hjuted,priority_match,49.0,paid,2025-06-24 09:27:13
470,1203,ORD01203uj0b4p,priority_match,49.0,refunding,2025-09-04 09:27:13
471,1209,ORD01209sl47bs,matchmaker_1v1,199.0,unpaid,2025-07-13 09:27:13
472,1215,ORD01215gv1vg7,priority_match,49.0,refunding,2025-07-30 09:27:13
473,1216,ORD012163e39xm,matchmaker_1v1,199.0,refunded,2025-08-18 09:27:13
474,1217,ORD01217yzn3x3,priority_match,49.0,refunding,2025-07-02 09:27:13
475,1218,ORD01218emoahw,exposure_boost,19.9,paid,2025-07-04 09:27:13
476,1220,ORD01220vkzuk2,priority_match,49.0,refunding,2025-07-17 09:27:13
477,1222,ORD01222ns4jih,matchmaker_1v1,199.0,refunded,2025-06-19 09:27:13
478,1225,ORD01225fgap5d,priority_match,49.0,unpaid,2025-08-19 09:27:13
479,1226,ORD01226sb8dey,priority_match,49.0,paid,2025-07-30 09:27:13
480,1227,ORD01227tobf8o,priority_match,49.0,paid,2025-09-09 09:27:13
481,1228,ORD01228nezquq,priority_match,49.0,refunding,2025-08-05 09:27:13
482,1229,ORD012296fii8j,priority_match,49.0,paid,2025-06-29 09:27:13
483,1231,ORD01231o4psuy,priority_match,49.0,refunding,2025-07-14 09:27:13
484,1233,ORD012339j9lxj,matchmaker_1v1,199.0,unpaid,2025-07-21 09:27:13
485,1235,ORD01235q9sla2,priority_match,49.0,refunding,2025-09-14 09:27:13
486,1237,ORD01237nxas4x,exposure_boost,19.9,refunding,2025-07-26 09:27:13
487,1239,ORD01239cdjniw,exposure_boost,19.9,paid,2025-09-05 09:27:13
488,1241,ORD01241wn8hbf,priority_match,49.0,refunding,2025-07-28 09:27:13
489,1242,ORD0124231iaoy,exposure_boost,19.9,refunding,2025-07-05 09:27:13
490,1244,ORD012444zeo3q,exposure_boost,19.9,paid,2025-08-30 09:27:13
491,1245,ORD012452zcsc4,priority_match,49.0,refunded,2025-08-23 09:27:13
492,1250,ORD01250qqae4r,exposure_boost,19.9,unpaid,2025-09-01 09:27:13
493,1251,ORD01251vax0f6,matchmaker_1v1,199.0,refunding,2025-08-14 09:27:13
494,1252,ORD01252wkvgkq,priority_match,49.0,refunding,2025-07-29 09:27:13
495,1259,ORD012599d9ei8,matchmaker_1v1,199.0,unpaid,2025-06-29 09:27:13
496,1261,ORD01261btrp63,matchmaker_1v1,199.0,refunded,2025-07-11 09:27:13
497,1266,ORD01266vzmzi9,matchmaker_1v1,199.0,unpaid,2025-09-03 09:27:13
498,1269,ORD0126911xvrc,priority_match,49.0,refunding,2025-08-13 09:27:13
499,1270,ORD01270lt9bv5,matchmaker_1v1,199.0,refunded,2025-08-31 09:27:13
500,1271,ORD01271ysm05u,exposure_boost,19.9,paid,2025-08-04 09:27:13
501,1277,ORD01277h8t3mj,matchmaker_1v1,199.0,unpaid,2025-07-31 09:27:13
502,1283,ORD012839ht3ia,priority_match,49.0,refunded,2025-08-03 09:27:13
503,1285,ORD01285h3z1zg,priority_match,49.0,refunding,2025-06-29 09:27:13
504,1288,ORD012880afj3u,exposure_boost,19.9,paid,2025-09-07 09:27:13
505,1289,ORD01289e420r6,exposure_boost,19.9,refunded,2025-07-30 09:27:13
506,1290,ORD01290w6p5h5,exposure_boost,19.9,unpaid,2025-09-06 09:27:13
507,1291,ORD01291r2digd,exposure_boost,19.9,paid,2025-09-14 09:27:13
508,1295,ORD01295stpa6f,priority_match,49.0,paid,2025-07-30 09:27:13
509,1308,ORD013089qeoli,exposure_boost,19.9,paid,2025-06-17 09:27:13
510,1312,ORD01312darrby,priority_match,49.0,unpaid,2025-07-14 09:27:13
511,1316,ORD01316134pdo,priority_match,49.0,paid,2025-09-12 09:27:13
512,1323,ORD013235m1r42,matchmaker_1v1,199.0,unpaid,2025-07-21 09:27:13
513,1325,ORD013256bcv1s,exposure_boost,19.9,paid,2025-09-10 09:27:13
514,1327,ORD0132796kgha,priority_match,49.0,paid,2025-07-17 09:27:13
515,1328,ORD01328v3z7ra,exposure_boost,19.9,refunding,2025-07-28 09:27:13
516,1329,ORD01329nxxou0,exposure_boost,19.9,refunded,2025-09-04 09:27:13
517,1330,ORD01330n5t22g,exposure_boost,19.9,refunded,2025-06-27 09:27:13
518,1333,ORD01333c4o0fs,exposure_boost,19.9,unpaid,2025-08-15 09:27:13
519,1335,ORD01335ldr77x,matchmaker_1v1,199.0,refunded,2025-07-03 09:27:13
520,1336,ORD01336664r9e,matchmaker_1v1,199.0,paid,2025-07-05 09:27:13
521,1337,ORD01337cjcjxi,exposure_boost,19.9,paid,2025-08-12 09:27:13
522,1339,ORD01339nbmkjt,priority_match,49.0,refunding,2025-09-08 09:27:13
523,1340,ORD01340pkobk4,exposure_boost,19.9,paid,2025-07-22 09:27:13
524,1341,ORD01341nsdu5z,matchmaker_1v1,199.0,paid,2025-08-29 09:27:13
525,1345,ORD01345cg6ntn,matchmaker_1v1,199.0,paid,2025-08-23 09:27:13
526,1348,ORD01348kp6k3d,matchmaker_1v1,199.0,refunding,2025-08-16 09:27:13
527,1352,ORD01352a3wohw,exposure_boost,19.9,refunding,2025-09-11 09:27:13
528,1354,ORD013548l5dzl,matchmaker_1v1,199.0,paid,2025-09-10 09:27:13
529,1356,ORD01356p84nyu,matchmaker_1v1,199.0,unpaid,2025-07-14 09:27:13
530,1358,ORD01358bifpac,exposure_boost,19.9,refunding,2025-07-02 09:27:13
531,1359,ORD0135922y5bl,exposure_boost,19.9,refunded,2025-07-18 09:27:13
532,1360,ORD01360rgqo3b,matchmaker_1v1,199.0,refunding,2025-07-04 09:27:13
533,1367,ORD01367ron0qe,exposure_boost,19.9,paid,2025-07-13 09:27:13
534,1371,ORD01371czpzw3,exposure_boost,19.9,refunded,2025-08-05 09:27:13
535,1375,ORD01375tclsb2,exposure_boost,19.9,paid,2025-08-20 09:27:13
536,1376,ORD01376yskb1q,exposure_boost,19.9,refunded,2025-06-24 09:27:13
537,1379,ORD01379h8581q,priority_match,49.0,unpaid,2025-08-02 09:27:13
538,1380,ORD01380zak393,exposure_boost,19.9,refunding,2025-09-01 09:27:13
539,1384,ORD01384yozfly,exposure_boost,19.9,unpaid,2025-08-28 09:27:13
540,1386,ORD01386f3mk15,priority_match,49.0,paid,2025-09-05 09:27:13
541,1388,ORD01388f1plqy,matchmaker_1v1,199.0,refunded,2025-06-30 09:27:13
542,1390,ORD01390x8sorh,matchmaker_1v1,199.0,unpaid,2025-09-05 09:27:13
543,1394,ORD01394iqte0x,priority_match,49.0,paid,2025-07-18 09:27:13
544,1397,ORD01397di5fdc,priority_match,49.0,refunded,2025-08-25 09:27:13
545,1398,ORD01398gl76cj,priority_match,49.0,refunding,2025-09-05 09:27:13
546,1399,ORD01399ig52g4,exposure_boost,19.9,paid,2025-08-04 09:27:13
547,1404,ORD01404cyhn3k,priority_match,49.0,paid,2025-08-07 09:27:13
548,1408,ORD014083rzhjb,exposure_boost,19.9,paid,2025-08-15 09:27:13
549,1412,ORD01412cbe4zy,exposure_boost,19.9,paid,2025-09-08 09:27:13
550,1414,ORD014147xcgfp,exposure_boost,19.9,paid,2025-07-25 09:27:13
551,1418,ORD0141885wzt5,priority_match,49.0,refunded,2025-07-04 09:27:13
552,1420,ORD01420vgjoun,matchmaker_1v1,199.0,paid,2025-07-12 09:27:13
553,1422,ORD014222emcoz,exposure_boost,19.9,refunded,2025-07-14 09:27:13
554,1425,ORD01425o8e33m,exposure_boost,19.9,paid,2025-07-11 09:27:13
555,1426,ORD0142697gjn1,matchmaker_1v1,199.0,paid,2025-09-04 09:27:13
556,1427,ORD01427h6s0xx,exposure_boost,19.9,refunding,2025-08-06 09:27:13
557,1432,ORD014321p9up7,exposure_boost,19.9,paid,2025-08-19 09:27:13
558,1433,ORD01433l371i9,exposure_boost,19.9,paid,2025-07-19 09:27:13
559,1438,ORD01438vm5qyk,priority_match,49.0,unpaid,2025-07-13 09:27:13
560,1440,ORD01440bdgg7p,priority_match,49.0,refunded,2025-07-05 09:27:13
561,1441,ORD0144199dt25,matchmaker_1v1,199.0,refunded,2025-07-31 09:27:13
562,1443,ORD014432bfx5a,exposure_boost,19.9,paid,2025-07-02 09:27:13
563,1446,ORD01446oxrcuo,matchmaker_1v1,199.0,unpaid,2025-07-11 09:27:13
564,1448,ORD01448hub5qo,exposure_boost,19.9,paid,2025-06-17 09:27:13
565,1449,ORD01449nszzjp,priority_match,49.0,paid,2025-06-22 09:27:13
566,1450,ORD014500dt0zj,matchmaker_1v1,199.0,refunding,2025-08-18 09:27:13
567,1451,ORD01451a551sq,exposure_boost,19.9,unpaid,2025-07-20 09:27:13
568,1453,ORD01453isswue,exposure_boost,19.9,unpaid,2025-09-05 09:27:13
569,1454,ORD01454uy3ohi,priority_match,49.0,unpaid,2025-08-21 09:27:13
570,1456,ORD01456y2ntzm,priority_match,49.0,refunding,2025-06-20 09:27:13
571,1459,ORD01459z31b6q,exposure_boost,19.9,unpaid,2025-08-18 09:27:13
572,1466,ORD01466fxu05y,priority_match,49.0,refunded,2025-09-09 09:27:13
573,1470,ORD014705pwpp0,exposure_boost,19.9,unpaid,2025-08-07 09:27:13
574,1471,ORD01471gk4wf3,priority_match,49.0,paid,2025-07-23 09:27:13
575,1473,ORD01473ij9oir,exposure_boost,19.9,refunding,2025-07-01 09:27:13
576,1475,ORD01475u9pzn6,exposure_boost,19.9,paid,2025-07-11 09:27:13
577,1477,ORD014772v0bv2,priority_match,49.0,refunding,2025-08-14 09:27:13
578,1478,ORD01478kzczxt,exposure_boost,19.9,refunded,2025-06-23 09:27:13
579,1480,ORD01480fg28op,matchmaker_1v1,199.0,paid,2025-09-03 09:27:13
580,1481,ORD01481rfcqqb,matchmaker_1v1,199.0,unpaid,2025-06-30 09:27:13
581,1483,ORD01483g2vgrx,matchmaker_1v1,199.0,paid,2025-07-09 09:27:13
582,1486,ORD01486nfs0jf,matchmaker_1v1,199.0,unpaid,2025-08-25 09:27:13
583,1487,ORD014873xu6sk,matchmaker_1v1,199.0,unpaid,2025-09-10 09:27:13
584,1488,ORD01488nn9gvd,matchmaker_1v1,199.0,paid,2025-08-07 09:27:13
585,1491,ORD014919csnwq,exposure_boost,19.9,unpaid,2025-07-14 09:27:13
586,1493,ORD01493rr6clc,priority_match,49.0,paid,2025-08-25 09:27:13
587,1495,ORD01495k8osh7,priority_match,49.0,paid,2025-08-31 09:27:13
588,1497,ORD01497jnqljq,exposure_boost,19.9,paid,2025-07-19 09:27:13
589,1498,ORD01498mlkdxf,matchmaker_1v1,199.0,refunded,2025-09-13 09:27:13
590,1503,ORD01503wospd2,exposure_boost,19.9,paid,2025-09-06 09:27:13
591,1504,ORD01504c8kntb,matchmaker_1v1,199.0,refunded,2025-06-19 09:27:13
592,1507,ORD015076svut9,matchmaker_1v1,199.0,paid,2025-06-23 09:27:13
593,1509,ORD01509mld087,matchmaker_1v1,199.0,refunding,2025-08-29 09:27:13
594,1518,ORD0151874ugoy,exposure_boost,19.9,unpaid,2025-09-01 09:27:13
595,1519,ORD01519b7l9yj,priority_match,49.0,paid,2025-08-26 09:27:13
596,1532,ORD01532a1s6ck,exposure_boost,19.9,paid,2025-07-10 09:27:13
597,1533,ORD01533hoinp7,matchmaker_1v1,199.0,refunding,2025-07-07 09:27:13
598,1535,ORD01535b2i9e6,priority_match,49.0,unpaid,2025-09-14 09:27:13
599,1539,ORD01539vqxrbb,exposure_boost,19.9,paid,2025-09-14 09:27:13
600,1540,ORD01540jehd8o,matchmaker_1v1,199.0,paid,2025-08-15 09:27:13
601,1542,ORD015423hohdp,priority_match,49.0,unpaid,2025-06-22 09:27:13
602,1545,ORD0154598vf76,priority_match,49.0,unpaid,2025-07-07 09:27:13
603,1555,ORD01555cby9fs,priority_match,49.0,paid,2025-09-04 09:27:13
604,1557,ORD01557k53bib,matchmaker_1v1,199.0,refunded,2025-07-22 09:27:13
605,1558,ORD01558o14hxu,matchmaker_1v1,199.0,unpaid,2025-08-05 09:27:13
606,1561,ORD01561jqz7ym,exposure_boost,19.9,unpaid,2025-08-26 09:27:13
607,1562,ORD01562perhe8,exposure_boost,19.9,unpaid,2025-07-26 09:27:13
608,1565,ORD015655btvl1,exposure_boost,19.9,paid,2025-08-19 09:27:13
609,1566,ORD01566coto40,exposure_boost,19.9,refunding,2025-06-20 09:27:13
610,1570,ORD01570i6kfqf,matchmaker_1v1,199.0,refunding,2025-08-06 09:27:13
611,1571,ORD0157163y2ip,exposure_boost,19.9,paid,2025-07-23 09:27:13
612,1572,ORD01572lg2ujv,priority_match,49.0,unpaid,2025-06-16 09:27:13
613,1573,ORD01573sypmr6,exposure_boost,19.9,unpaid,2025-07-07 09:27:13
614,1577,ORD01577q7brd8,matchmaker_1v1,199.0,paid,2025-07-02 09:27:13
615,1581,ORD015816gh03z,priority_match,49.0,refunded,2025-09-07 09:27:13
616,1583,ORD01583ebt3jd,priority_match,49.0,paid,2025-08-06 09:27:13
617,1585,ORD01585qe57it,priority_match,49.0,refunding,2025-08-29 09:27:13
618,1588,ORD01588nwomx3,priority_match,49.0,paid,2025-06-28 09:27:13
619,1594,ORD01594lhdmgp,matchmaker_1v1,199.0,refunded,2025-08-14 09:27:13
620,1596,ORD01596s7wr4j,priority_match,49.0,paid,2025-06-17 09:27:13
621,1597,ORD0159704pjij,priority_match,49.0,paid,2025-07-30 09:27:13
622,1602,ORD01602ofa92d,matchmaker_1v1,199.0,unpaid,2025-07-30 09:27:13
623,1610,ORD0161035kcy4,matchmaker_1v1,199.0,paid,2025-06-29 09:27:13
624,1612,ORD01612i2ul7g,matchmaker_1v1,199.0,paid,2025-09-09 09:27:13
625,1613,ORD01613yzmtl7,matchmaker_1v1,199.0,refunding,2025-07-06 09:27:13
626,1615,ORD01615qo75ru,matchmaker_1v1,199.0,refunded,2025-07-19 09:27:13
627,1617,ORD01617zzwkk8,priority_match,49.0,refunded,2025-06-17 09:27:13
628,1619,ORD01619ye1yay,priority_match,49.0,paid,2025-06-16 09:27:13
629,1621,ORD01621yj8oqc,priority_match,49.0,unpaid,2025-06-19 09:27:13
630,1623,ORD01623240hbc,matchmaker_1v1,199.0,unpaid,2025-07-18 09:27:13
631,1627,ORD01627kj0i1s,priority_match,49.0,refunded,2025-07-16 09:27:13
632,1628,ORD01628dybdim,exposure_boost,19.9,paid,2025-08-13 09:27:13
633,1630,ORD01630twxet9,exposure_boost,19.9,unpaid,2025-08-28 09:27:13
634,1632,ORD01632c4wtre,matchmaker_1v1,199.0,refunding,2025-07-15 09:27:13
635,1633,ORD01633fzd26t,exposure_boost,19.9,refunded,2025-08-26 09:27:13
636,1637,ORD01637pvzhsz,priority_match,49.0,refunded,2025-07-19 09:27:13
637,1642,ORD01642wuqybe,matchmaker_1v1,199.0,paid,2025-09-03 09:27:13
638,1645,ORD01645380dth,matchmaker_1v1,199.0,refunded,2025-08-25 09:27:13
639,1646,ORD01646eo8yrp,matchmaker_1v1,199.0,refunding,2025-08-11 09:27:13
640,1647,ORD016476onrc5,priority_match,49.0,refunded,2025-07-08 09:27:13
641,1649,ORD01649wfiini,matchmaker_1v1,199.0,paid,2025-06-21 09:27:13
642,1651,ORD01651cbzjdw,matchmaker_1v1,199.0,refunded,2025-06-21 09:27:13
643,1652,ORD01652jj9c3n,matchmaker_1v1,199.0,unpaid,2025-09-02 09:27:13
644,1655,ORD01655nyacyo,exposure_boost,19.9,paid,2025-07-25 09:27:13
645,1656,ORD01656zm66yt,matchmaker_1v1,199.0,unpaid,2025-07-29 09:27:13
646,1657,ORD01657e14ce7,priority_match,49.0,paid,2025-07-06 09:27:13
647,1658,ORD01658rajfhm,matchmaker_1v1,199.0,paid,2025-08-28 09:27:13
648,1659,ORD01659k61rqh,priority_match,49.0,paid,2025-07-28 09:27:13
649,1663,ORD01663eubpvv,exposure_boost,19.9,paid,2025-08-09 09:27:13
650,1667,ORD01667c738l2,matchmaker_1v1,199.0,paid,2025-07-03 09:27:13
651,1678,ORD01678qvc1el,exposure_boost,19.9,paid,2025-07-06 09:27:13
652,1679,ORD016791bo9ln,matchmaker_1v1,199.0,unpaid,2025-07-23 09:27:13
653,1680,ORD016809bdkab,priority_match,49.0,paid,2025-07-09 09:27:13
654,1684,ORD01684x1mrol,exposure_boost,19.9,paid,2025-08-31 09:27:13
655,1686,ORD01686rnll63,priority_match,49.0,unpaid,2025-06-27 09:27:13
656,1689,ORD016897u8be1,matchmaker_1v1,199.0,refunded,2025-08-26 09:27:13
657,1695,ORD016951kyltf,exposure_boost,19.9,unpaid,2025-08-04 09:27:13
658,1697,ORD01697c3peun,exposure_boost,19.9,paid,2025-07-27 09:27:13
659,1698,ORD01698c8fb4r,exposure_boost,19.9,refunding,2025-07-13 09:27:13
660,1699,ORD01699lwa3st,matchmaker_1v1,199.0,unpaid,2025-06-24 09:27:13
661,1710,ORD01710tu160g,priority_match,49.0,paid,2025-09-03 09:27:13
662,1711,ORD01711hk75ua,priority_match,49.0,paid,2025-07-01 09:27:13
663,1712,ORD01712hgqn1w,priority_match,49.0,refunded,2025-07-06 09:27:13
664,1713,ORD01713fvhha3,priority_match,49.0,paid,2025-07-25 09:27:13
665,1716,ORD01716vshpkw,exposure_boost,19.9,refunding,2025-07-15 09:27:13
666,1719,ORD01719fjo4of,exposure_boost,19.9,refunded,2025-07-27 09:27:13
667,1720,ORD01720oe0tei,exposure_boost,19.9,refunded,2025-08-08 09:27:13
668,1721,ORD017213uwlcv,matchmaker_1v1,199.0,paid,2025-07-16 09:27:13
669,1724,ORD01724s7jtfi,matchmaker_1v1,199.0,refunded,2025-08-10 09:27:13
670,1727,ORD01727y9ezoc,exposure_boost,19.9,refunded,2025-07-22 09:27:13
671,1735,ORD01735txv54o,priority_match,49.0,refunded,2025-06-27 09:27:13
672,1736,ORD01736kqoizt,priority_match,49.0,paid,2025-09-10 09:27:13
673,1738,ORD017384q8dw9,priority_match,49.0,refunded,2025-08-07 09:27:13
674,1739,ORD01739r1pquu,matchmaker_1v1,199.0,unpaid,2025-07-15 09:27:13
675,1740,ORD017409woscw,matchmaker_1v1,199.0,paid,2025-08-09 09:27:13
676,1742,ORD01742vtg3c5,priority_match,49.0,unpaid,2025-06-17 09:27:13
677,1744,ORD01744can5j6,priority_match,49.0,refunded,2025-08-13 09:27:13
678,1745,ORD01745klom7j,matchmaker_1v1,199.0,paid,2025-07-15 09:27:13
679,1748,ORD01748suko6w,priority_match,49.0,refunding,2025-08-21 09:27:13
680,1749,ORD01749ojnkln,matchmaker_1v1,199.0,paid,2025-07-27 09:27:13
681,1754,ORD017543qvnuf,matchmaker_1v1,199.0,paid,2025-08-26 09:27:13
682,1758,ORD01758dhlazo,priority_match,49.0,refunding,2025-07-23 09:27:13
683,1759,ORD01759lxcu8a,priority_match,49.0,unpaid,2025-08-20 09:27:13
684,1760,ORD017607f4emo,exposure_boost,19.9,refunding,2025-06-24 09:27:13
685,1761,ORD01761inw11c,matchmaker_1v1,199.0,refunding,2025-07-28 09:27:13
686,1763,ORD01763t31yi0,matchmaker_1v1,199.0,refunding,2025-08-15 09:27:13
687,1768,ORD0176847tqt8,exposure_boost,19.9,refunded,2025-08-25 09:27:13
688,1769,ORD01769bcvum9,exposure_boost,19.9,refunded,2025-08-12 09:27:13
689,1780,ORD01780o13dzv,priority_match,49.0,paid,2025-06-18 09:27:13
690,1782,ORD01782mopmoj,matchmaker_1v1,199.0,paid,2025-07-09 09:27:13
691,1784,ORD01784imw71t,matchmaker_1v1,199.0,paid,2025-07-04 09:27:13
692,1787,ORD01787rcavds,priority_match,49.0,unpaid,2025-07-29 09:27:13
693,1793,ORD01793hkn12g,exposure_boost,19.9,paid,2025-07-19 09:27:13
694,1794,ORD01794y0sehy,matchmaker_1v1,199.0,paid,2025-08-24 09:27:13
695,1795,ORD01795wdhd1a,priority_match,49.0,refunded,2025-06-23 09:27:13
696,1797,ORD0179701ls83,priority_match,49.0,unpaid,2025-08-02 09:27:13
697,1800,ORD01800aduzik,matchmaker_1v1,199.0,unpaid,2025-07-10 09:27:13
698,1801,ORD01801j4x16i,priority_match,49.0,unpaid,2025-07-29 09:27:13
699,1805,ORD01805t78lud,exposure_boost,19.9,refunded,2025-09-03 09:27:13
700,1806,ORD01806yxjxfe,matchmaker_1v1,199.0,paid,2025-07-10 09:27:13
701,1807,ORD01807lqveku,exposure_boost,19.9,refunding,2025-08-10 09:27:13
702,1809,ORD01809yd3izc,matchmaker_1v1,199.0,paid,2025-08-15 09:27:13
703,1810,ORD01810qpb85b,matchmaker_1v1,199.0,paid,2025-08-24 09:27:13
704,1812,ORD01812b7zbk5,priority_match,49.0,paid,2025-06-22 09:27:13
705,1814,ORD01814i0cgzh,exposure_boost,19.9,refunding,2025-07-13 09:27:13
706,1815,ORD0181586gm45,exposure_boost,19.9,refunded,2025-08-09 09:27:13
707,1819,ORD01819i7mrdt,matchmaker_1v1,199.0,paid,2025-09-05 09:27:13
708,1820,ORD01820r5b5n6,exposure_boost,19.9,refunding,2025-07-08 09:27:13
709,1831,ORD01831q6yq6j,matchmaker_1v1,199.0,paid,2025-07-04 09:27:13
710,1833,ORD01833fg8z5i,matchmaker_1v1,199.0,refunding,2025-06-20 09:27:13
711,1834,ORD018348q7e0i,exposure_boost,19.9,paid,2025-06-22 09:27:13
712,1835,ORD01835hgvaia,exposure_boost,19.9,refunding,2025-07-14 09:27:13
713,1837,ORD0183720g7lt,exposure_boost,19.9,paid,2025-07-26 09:27:13
714,1839,ORD018396ned25,priority_match,49.0,refunding,2025-08-21 09:27:13
715,1841,ORD01841cgcmqc,priority_match,49.0,unpaid,2025-07-04 09:27:13
716,1842,ORD01842shm49x,exposure_boost,19.9,paid,2025-07-27 09:27:13
717,1848,ORD018481q9bjf,priority_match,49.0,refunding,2025-07-02 09:27:13
718,1854,ORD01854g7dxrg,exposure_boost,19.9,refunded,2025-08-16 09:27:13
719,1855,ORD01855gxu498,matchmaker_1v1,199.0,paid,2025-08-26 09:27:13
720,1856,ORD01856r33irj,priority_match,49.0,refunding,2025-06-16 09:27:13
721,1857,ORD01857k7pktn,priority_match,49.0,unpaid,2025-08-12 09:27:13
722,1858,ORD01858kptrw6,matchmaker_1v1,199.0,paid,2025-08-03 09:27:13
723,1859,ORD018591cb8tx,exposure_boost,19.9,paid,2025-07-24 09:27:13
724,1869,ORD01869vfgeq9,exposure_boost,19.9,refunded,2025-07-28 09:27:13
725,1870,ORD018700eyl2t,exposure_boost,19.9,paid,2025-07-31 09:27:13
726,1871,ORD01871n7mj1d,matchmaker_1v1,199.0,unpaid,2025-07-25 09:27:13
727,1875,ORD0187504febd,exposure_boost,19.9,refunded,2025-06-17 09:27:13
728,1878,ORD01878q6c4wm,priority_match,49.0,refunding,2025-08-25 09:27:13
729,1879,ORD01879juljjh,exposure_boost,19.9,refunded,2025-07-05 09:27:13
730,1883,ORD01883e73ql4,priority_match,49.0,refunded,2025-06-24 09:27:13
731,1884,ORD01884spyz18,matchmaker_1v1,199.0,paid,2025-09-08 09:27:13
732,1885,ORD01885hxaqq1,matchmaker_1v1,199.0,paid,2025-07-05 09:27:13
733,1886,ORD01886yvzm9u,exposure_boost,19.9,refunded,2025-09-05 09:27:13
734,1887,ORD01887ffoztg,exposure_boost,19.9,unpaid,2025-07-10 09:27:13
735,1889,ORD018893bohfa,priority_match,49.0,unpaid,2025-06-21 09:27:13
736,1890,ORD01890kveay5,exposure_boost,19.9,paid,2025-08-19 09:27:13
737,1891,ORD0189159lrke,matchmaker_1v1,199.0,paid,2025-07-27 09:27:13
738,1892,ORD018921fvi7i,matchmaker_1v1,199.0,paid,2025-07-28 09:27:13
739,1897,ORD01897nosmzm,matchmaker_1v1,199.0,paid,2025-07-29 09:27:13
740,1898,ORD01898kzpn90,exposure_boost,19.9,refunded,2025-08-07 09:27:13
741,1899,ORD01899w16fbv,priority_match,49.0,paid,2025-08-25 09:27:13
742,1902,ORD01902m79xec,priority_match,49.0,paid,2025-08-31 09:27:13
743,1904,ORD01904co5jdg,matchmaker_1v1,199.0,paid,2025-09-14 09:27:13
744,1907,ORD01907ldx1gz,exposure_boost,19.9,paid,2025-08-16 09:27:13
745,1908,ORD019085iwttv,priority_match,49.0,refunding,2025-09-07 09:27:13
746,1910,ORD01910poe6x2,matchmaker_1v1,199.0,refunded,2025-07-22 09:27:13
747,1912,ORD01912qavbhs,exposure_boost,19.9,refunded,2025-09-12 09:27:13
748,1913,ORD01913czscpx,exposure_boost,19.9,unpaid,2025-07-15 09:27:13
749,1914,ORD01914tdvmqs,matchmaker_1v1,199.0,refunding,2025-08-04 09:27:13
750,1915,ORD01915vgo3a6,priority_match,49.0,paid,2025-07-25 09:27:13
751,1916,ORD019169zfqp3,exposure_boost,19.9,paid,2025-06-22 09:27:13
752,1917,ORD01917zivis2,exposure_boost,19.9,paid,2025-08-03 09:27:13
753,1918,ORD019189yeikt,exposure_boost,19.9,paid,2025-06-25 09:27:13
754,1924,ORD019241umcef,priority_match,49.0,unpaid,2025-07-31 09:27:13
755,1927,ORD019273w8gwo,matchmaker_1v1,199.0,unpaid,2025-06-30 09:27:13
756,1929,ORD01929ac823e,matchmaker_1v1,199.0,paid,2025-08-23 09:27:13
757,1930,ORD01930mhj1ri,priority_match,49.0,paid,2025-07-31 09:27:13
758,1932,ORD01932ghpcmr,matchmaker_1v1,199.0,unpaid,2025-08-28 09:27:13
759,1933,ORD01933lcawlh,matchmaker_1v1,199.0,unpaid,2025-07-16 09:27:13
760,1936,ORD01936xace69,priority_match,49.0,unpaid,2025-09-02 09:27:13
761,1937,ORD01937oe8e69,matchmaker_1v1,199.0,unpaid,2025-07-09 09:27:13
762,1942,ORD01942f3003h,priority_match,49.0,refunded,2025-06-20 09:27:13
763,1944,ORD019446vr24k,exposure_boost,19.9,refunding,2025-08-30 09:27:13
764,1947,ORD01947dvrozl,exposure_boost,19.9,paid,2025-07-24 09:27:13
765,1950,ORD01950kn6fi0,exposure_boost,19.9,unpaid,2025-07-06 09:27:13
766,1951,ORD01951lz99ys,matchmaker_1v1,199.0,paid,2025-07-23 09:27:13
767,1952,ORD01952ed534c,matchmaker_1v1,199.0,unpaid,2025-07-16 09:27:13
768,1955,ORD01955a8f023,priority_match,49.0,refunding,2025-09-02 09:27:13
769,1960,ORD01960mh6wdn,matchmaker_1v1,199.0,refunding,2025-06-28 09:27:13
770,1962,ORD01962occyht,matchmaker_1v1,199.0,refunded,2025-07-18 09:27:13
771,1965,ORD01965ljqg1e,matchmaker_1v1,199.0,unpaid,2025-07-30 09:27:13
772,1966,ORD01966ue5zqr,matchmaker_1v1,199.0,refunding,2025-08-03 09:27:13
773,1967,ORD01967zwjckt,exposure_boost,19.9,paid,2025-06-28 09:27:13
774,1969,ORD01969ztodgp,exposure_boost,19.9,paid,2025-06-21 09:27:13
775,1970,ORD01970m8bc63,matchmaker_1v1,199.0,paid,2025-07-18 09:27:13
776,1972,ORD01972hwc2cl,priority_match,49.0,unpaid,2025-06-29 09:27:13
777,1975,ORD01975bkwss8,priority_match,49.0,paid,2025-07-26 09:27:13
778,1980,ORD01980c2kc0d,priority_match,49.0,refunded,2025-06-19 09:27:13
779,1982,ORD01982czh7xz,exposure_boost,19.9,paid,2025-06-25 09:27:13
780,1984,ORD01984vokyju,priority_match,49.0,refunded,2025-06-30 09:27:13
781,1988,ORD019884xs74e,priority_match,49.0,paid,2025-09-03 09:27:13
782,1994,ORD01994c1px3c,matchmaker_1v1,199.0,unpaid,2025-09-11 09:27:13
783,1995,ORD01995niimni,matchmaker_1v1,199.0,refunded,2025-07-10 09:27:13
784,1996,ORD01996wt3zl5,matchmaker_1v1,199.0,paid,2025-08-27 09:27:13
785,1997,ORD01997e2z522,exposure_boost,19.9,unpaid,2025-06-27 09:27:13
